,ID,geometry,Longitude,Latitude,Supply,Demand,demand
0,0,POINT (9.08764 49.161873),9.08764,49.161873,0,0,0
1,1,POINT (7.014059999999999 51.943898999999995),7.014059999999999,51.943898999999995,0,0,0
2,2,POINT (7.315278 49.870153),7.315278,49.870153,0,0,0
3,3,POINT (7.427535999999998 52.57598899999999),7.427535999999998,52.57598899999999,0,0,0
4,4,POINT (8.406804 52.461192999999994),8.406804,52.461192999999994,0,0,0
5,5,POINT (9.508592 48.64110099999999),9.508592,48.64110099999999,0,1,-1
6,6,POINT (14.543000000000001 52.427),14.543000000000001,52.427,2233,0,2233
7,7,POINT (10.106536999999998 53.022223),10.106536999999998,53.022223,0,0,0
8,8,POINT (10.529801999999998 47.682936999999995),10.529801999999998,47.682936999999995,0,0,0
9,9,POINT (12.251441 48.130798),12.251441,48.130798,0,0,0
10,10,POINT (6.4263650000000005 51.66375500000001),6.4263650000000005,51.66375500000001,0,0,0
11,11,POINT (9.650891999999999 52.339624),9.650891999999999,52.339624,0,121,-121
12,12,POINT (8.9992 48.6972),8.9992,48.6972,0,0,0
13,13,POINT (7.028684 52.17597000000001),7.028684,52.17597000000001,0,989,-989
14,14,POINT (12.259875999999998 53.322562),12.259875999999998,53.322562,0,0,0
15,15,POINT (7.130128 50.845528999999985),7.130128,50.845528999999985,0,0,0
16,16,POINT (12.708264 48.11596399999999),12.708264,48.11596399999999,719,5,714
17,17,POINT (9.110299999999999 48.75079999999999),9.110299999999999,48.75079999999999,0,0,0
18,18,POINT (14.423513000000002 48.521272999999994),14.423513000000002,48.521272999999994,0,0,0
19,19,POINT (8.400698999999998 53.194261),8.400698999999998,53.194261,0,16,-16
20,20,POINT (6.818729 51.172893),6.818729,51.172893,0,166,-166
21,21,POINT (11.857046 52.265755),11.857046,52.265755,0,2,-2
22,22,POINT (14.836875 51.12225899999999),14.836875,51.12225899999999,0,0,0
23,23,POINT (10.475106 53.78446999999999),10.475106,53.78446999999999,0,3,-3
24,24,POINT (12.635925 50.949048),12.635925,50.949048,0,0,0
25,25,POINT (12.604223 49.033173999999995),12.604223,49.033173999999995,0,0,0
26,26,POINT (11.376113 53.607769),11.376113,53.607769,0,0,0
27,27,POINT (9.57276 52.431861),9.57276,52.431861,0,0,0
28,28,POINT (8.4316 49.51364999999999),8.4316,49.51364999999999,21,1859,-1838
29,29,POINT (7.637349000000001 47.849604),7.637349000000001,47.849604,0,0,0
30,30,POINT (11.959392 51.276208),11.959392,51.276208,0,1,-1
31,31,POINT (8.1282 53.4032),8.1282,53.4032,1,5,-4
32,32,POINT (8.586114999999998 52.24418799999999),8.586114999999998,52.24418799999999,0,0,0
33,33,POINT (8.8666 52.0262),8.8666,52.0262,0,0,0
34,34,POINT (8.198059 51.515202),8.198059,51.515202,0,0,0
35,35,POINT (6.959399999999999 50.83050000000001),6.959399999999999,50.83050000000001,21,2220,-2199
36,36,POINT (7.106203000000001 50.698214),7.106203000000001,50.698214,0,3,-3
37,37,POINT (11.1329 49.405899999999995),11.1329,49.405899999999995,0,0,0
38,38,POINT (9.1482 49.8293),9.1482,49.8293,0,0,0
39,39,POINT (13.623087999999997 51.92773999999999),13.623087999999997,51.92773999999999,0,0,0
40,40,POINT (10.15975 52.36592),10.15975,52.36592,0,62,-62
41,41,POINT (10.334394999999999 47.647738999999994),10.334394999999999,47.647738999999994,0,0,0
42,42,POINT (6.935050000000001 51.308471),6.935050000000001,51.308471,0,56,-56
43,43,POINT (7.986419999999999 53.378569999999996),7.986419999999999,53.378569999999996,0,0,0
44,44,POINT (11.090035999999998 47.738555999999996),11.090035999999998,47.738555999999996,0,0,0
45,45,POINT (7.83243 49.20805),7.83243,49.20805,0,0,0
46,46,POINT (11.615692 52.209258999999996),11.615692,52.209258999999996,0,0,0
47,47,POINT (6.626948999999999 51.432235000000006),6.626948999999999,51.432235000000006,0,0,0
48,48,POINT (9.290891 52.92986499999999),9.290891,52.92986499999999,0,0,0
49,49,POINT (7.117511999999999 51.59068200000001),7.117511999999999,51.59068200000001,0,1,-1
50,50,POINT (10.985527999999999 52.817002),10.985527999999999,52.817002,0,0,0
51,51,POINT (10.739833 53.343504999999986),10.739833,53.343504999999986,0,0,0
52,52,POINT (10.188447 48.206022),10.188447,48.206022,0,0,0
53,53,POINT (13.641025 53.84748999999999),13.641025,53.84748999999999,0,0,0
54,54,POINT (10.614455 53.989616),10.614455,53.989616,0,0,0
55,55,POINT (12.51965 49.63553),12.51965,49.63553,2174,0,2174
56,56,POINT (10.444146999999997 52.38598799999999),10.444146999999997,52.38598799999999,0,0,0
57,57,POINT (7.32885 53.8117),7.32885,53.8117,0,0,0
58,58,POINT (8.485382 51.951235999999994),8.485382,51.951235999999994,0,0,0
59,59,POINT (7.317079 52.440895),7.317079,52.440895,0,0,0
60,60,POINT (7.928800000000001 51.67360000000001),7.928800000000001,51.67360000000001,0,0,0
61,61,POINT (13.106702999999998 51.062675),13.106702999999998,51.062675,0,0,0
62,62,POINT (6.623961 51.294796999999996),6.623961,51.294796999999996,0,0,0
63,63,POINT (11.467395 52.207463999999995),11.467395,52.207463999999995,0,23,-23
64,64,POINT (8.426468 51.19189699999999),8.426468,51.19189699999999,0,0,0
65,65,POINT (14.829009999999997 51.247341999999996),14.829009999999997,51.247341999999996,0,0,0
66,66,POINT (6.964396 51.019249),6.964396,51.019249,0,7,-7
67,67,POINT (7.468072 49.25495),7.468072,49.25495,0,0,0
68,68,POINT (11.365749 52.347906),11.365749,52.347906,0,0,0
69,69,POINT (8.232263 52.588964),8.232263,52.588964,0,0,0
70,70,POINT (11.771459 52.60371800000001),11.771459,52.60371800000001,0,0,0
71,71,POINT (9.9337 51.55339999999999),9.9337,51.55339999999999,0,4,-4
72,72,POINT (6.716957 51.45110600000001),6.716957,51.45110600000001,0,61,-61
73,73,POINT (8.403387 51.874407999999995),8.403387,51.874407999999995,0,0,0
74,74,POINT (8.607858 49.18937699999999),8.607858,49.18937699999999,0,0,0
75,75,POINT (7.2869399999999995 53.314880999999986),7.2869399999999995,53.314880999999986,3640,0,3640
76,76,POINT (6.5984679999999996 51.556647999999996),6.5984679999999996,51.556647999999996,0,77,-77
77,77,POINT (13.420144999999998 52.365261999999994),13.420144999999998,52.365261999999994,0,0,0
78,78,POINT (10.976654 53.130304),10.976654,53.130304,0,1,-1
79,79,POINT (13.532169999999999 52.702025000000006),13.532169999999999,52.702025000000006,0,0,0
80,80,POINT (7.275472 53.472621),7.275472,53.472621,0,0,0
81,81,POINT (12.945949999999998 49.760375),12.945949999999998,49.760375,0,0,0
82,82,POINT (13.714453999999998 50.982527),13.714453999999998,50.982527,0,10,-10
83,83,POINT (8.303406999999998 52.49631300000001),8.303406999999998,52.49631300000001,0,0,0
84,84,POINT (7.214398 51.207903),7.214398,51.207903,0,0,0
85,85,POINT (6.93569 51.22061899999999),6.93569,51.22061899999999,0,7,-7
86,86,POINT (8.078997000000001 48.74406),8.078997000000001,48.74406,0,0,0
87,87,POINT (13.428169999999998 54.10862),13.428169999999998,54.10862,0,0,0
88,88,POINT (12.134100000000002 47.8561),12.134100000000002,47.8561,0,0,0
89,89,POINT (9.386995 47.929933),9.386995,47.929933,0,0,0
90,90,POINT (8.977629 48.783847),8.977629,48.783847,0,0,0
91,91,POINT (8.806688 50.519022),8.806688,50.519022,0,0,0
92,92,POINT (6.844284999999999 51.070585),6.844284999999999,51.070585,21,2140,-2119
93,93,POINT (9.955439999999998 51.96254999999999),9.955439999999998,51.96254999999999,0,0,0
94,94,POINT (13.387907 53.53085299999999),13.387907,53.53085299999999,0,0,0
95,95,POINT (9.014785999999999 53.033868000000005),9.014785999999999,53.033868000000005,0,0,0
96,96,POINT (7.098326999999999 50.868279999999984),7.098326999999999,50.868279999999984,0,0,0
97,97,POINT (7.344800000000001 53.84503),7.344800000000001,53.84503,0,0,0
98,98,POINT (7.424095 52.673925000000004),7.424095,52.673925000000004,710,0,710
99,99,POINT (8.289212 50.051692),8.289212,50.051692,0,2,-2
100,100,POINT (10.362077 52.154025),10.362077,52.154025,22,1119,-1097
101,101,POINT (12.507508999999999 51.90089600000001),12.507508999999999,51.90089600000001,21,603,-582
102,102,POINT (14.420269999999999 52.226195),14.420269999999999,52.226195,0,0,0
103,103,POINT (9.537058999999998 52.918473),9.537058999999998,52.918473,0,0,0
104,104,POINT (7.159284999999999 51.306627),7.159284999999999,51.306627,0,0,0
105,105,POINT (7.979590000000001 51.803864),7.979590000000001,51.803864,0,75,-75
106,106,POINT (12.591999999999999 51.4656),12.591999999999999,51.4656,0,3,-3
107,107,POINT (13.587282 52.093498999999994),13.587282,52.093498999999994,0,0,0
108,108,POINT (9.636881 52.368473),9.636881,52.368473,0,0,0
109,109,POINT (13.728151999999998 52.524159),13.728151999999998,52.524159,0,5,-5
110,110,POINT (6.207367 50.760751),6.207367,50.760751,0,0,0
111,111,POINT (10.200844 54.266597000000004),10.200844,54.266597000000004,0,20,-20
112,112,POINT (9.047912999999998 52.248654),9.047912999999998,52.248654,0,7,-7
113,113,POINT (8.075587 51.38441),8.075587,51.38441,0,3,-3
114,114,POINT (12.237856 54.10122),12.237856,54.10122,0,0,0
115,115,POINT (12.9231 50.857),12.9231,50.857,0,0,0
116,116,POINT (2.4690659999999998 58.18813699999999),2.4690659999999998,58.18813699999999,0,0,0
117,117,POINT (6.217289999999999 50.700959999999995),6.217289999999999,50.700959999999995,694,0,694
118,118,POINT (13.558705999999999 52.585967),13.558705999999999,52.585967,0,0,0
119,119,POINT (8.3642 52.95562000000001),8.3642,52.95562000000001,0,0,0
120,120,POINT (9.213872 48.52619599999999),9.213872,48.52619599999999,0,0,0
121,121,POINT (7.912085000000001 53.46106400000001),7.912085000000001,53.46106400000001,0,1292,-1292
122,122,POINT (8.648186999999998 48.95568),8.648186999999998,48.95568,0,23,-23
123,123,POINT (10.039196999999998 48.833332),10.039196999999998,48.833332,0,4,-4
124,124,POINT (10.607101 47.56577),10.607101,47.56577,0,0,0
125,125,POINT (13.9776 51.151399999999995),13.9776,51.151399999999995,0,0,0
126,126,POINT (6.649206999999999 51.777819),6.649206999999999,51.777819,0,0,0
127,127,POINT (10.232346 52.82074299999999),10.232346,52.82074299999999,0,0,0
128,128,POINT (13.761442 52.33270799999999),13.761442,52.33270799999999,0,0,0
129,129,POINT (10.2906 50.9816),10.2906,50.9816,0,0,0
130,130,POINT (7.862423999999999 52.706142),7.862423999999999,52.706142,0,0,0
131,131,POINT (11.350947 51.358132999999995),11.350947,51.358132999999995,0,0,0
132,132,POINT (8.61882 52.07103),8.61882,52.07103,0,0,0
133,133,POINT (6.127277999999999 51.86375199999999),6.127277999999999,51.86375199999999,0,0,0
134,134,POINT (10.71987 49.503317),10.71987,49.503317,0,0,0
135,135,POINT (8.890129 52.850575),8.890129,52.850575,0,0,0
136,136,POINT (9.993933999999998 50.897951),9.993933999999998,50.897951,0,1,-1
137,137,POINT (6.849762 51.46531000000001),6.849762,51.46531000000001,0,0,0
138,138,POINT (7.271726 50.64551900000001),7.271726,50.64551900000001,0,0,0
139,139,POINT (11.8325 52.60869999999999),11.8325,52.60869999999999,0,11,-11
140,140,POINT (7.936545999999999 51.50642199999999),7.936545999999999,51.50642199999999,0,24,-24
141,141,POINT (8.083304 52.21842300000001),8.083304,52.21842300000001,0,100,-100
142,142,POINT (10.942675 52.801136999999976),10.942675,52.801136999999976,0,99,-99
143,143,POINT (8.499220999999999 53.03408099999999),8.499220999999999,53.03408099999999,0,0,0
144,144,POINT (6.851695999999999 51.20934100000001),6.851695999999999,51.20934100000001,0,0,0
145,145,POINT (10.698699999999999 50.63149999999999),10.698699999999999,50.63149999999999,0,5,-5
146,146,POINT (7.8072 47.5708),7.8072,47.5708,0,0,0
147,147,POINT (13.2951 53.57449999999999),13.2951,53.57449999999999,0,0,0
148,148,POINT (11.0606 49.438599999999994),11.0606,49.438599999999994,0,0,0
149,149,POINT (14.342264999999998 53.8271),14.342264999999998,53.8271,0,0,0
150,150,POINT (13.09516 53.379195),13.09516,53.379195,0,0,0
151,151,POINT (13.301899999999998 52.2302),13.301899999999998,52.2302,0,0,0
152,152,POINT (12.646902999999998 51.08675899999999),12.646902999999998,51.08675899999999,0,0,0
153,153,POINT (10.28053 48.444309999999994),10.28053,48.444309999999994,0,0,0
154,154,POINT (8.756107999999998 52.498468999999986),8.756107999999998,52.498468999999986,0,0,0
155,155,POINT (6.284121 51.31807800000001),6.284121,51.31807800000001,0,0,0
156,156,POINT (8.8073 51.9861),8.8073,51.9861,0,1,-1
157,157,POINT (9.484391 53.656056),9.484391,53.656056,2416,68,2348
158,158,POINT (6.777766 50.85304099999999),6.777766,50.85304099999999,0,0,0
159,159,POINT (12.4634 48.6403),12.4634,48.6403,0,0,0
160,160,POINT (7.555159999999999 49.52375099999999),7.555159999999999,49.52375099999999,0,0,0
161,161,POINT (13.715000000000002 51.12699999999999),13.715000000000002,51.12699999999999,0,0,0
162,162,POINT (7.827246000000001 47.616503),7.827246000000001,47.616503,1,2,-1
163,163,POINT (13.763840999999998 48.55906999999999),13.763840999999998,48.55906999999999,398,0,398
164,164,POINT (13.875030999999998 51.44693800000001),13.875030999999998,51.44693800000001,0,0,0
165,165,POINT (11.555701999999998 51.891723),11.555701999999998,51.891723,0,98,-98
166,166,POINT (12.165170999999999 51.641756),12.165170999999999,51.641756,0,0,0
167,167,POINT (9.359299 53.216222),9.359299,53.216222,0,0,0
168,168,POINT (12.455545999999998 49.114122),12.455545999999998,49.114122,0,0,0
169,169,POINT (10.187764999999999 48.375408),10.187764999999999,48.375408,0,0,0
170,170,POINT (9.712548 53.936077999999995),9.712548,53.936077999999995,147,56,91
171,171,POINT (8.2379 50.0264),8.2379,50.0264,2,8,-6
172,172,POINT (10.163674999999998 48.65981),10.163674999999998,48.65981,0,33,-33
173,173,POINT (9.883533999999997 48.525974999999995),9.883533999999997,48.525974999999995,0,4,-4
174,174,POINT (11.0299 50.98479999999999),11.0299,50.98479999999999,0,0,0
175,175,POINT (12.915851 52.29817),12.915851,52.29817,0,0,0
176,176,POINT (7.1676530000000005 51.88730700000001),7.1676530000000005,51.88730700000001,0,0,0
177,177,POINT (12.944735999999999 51.361835),12.944735999999999,51.361835,0,16,-16
178,178,POINT (7.021299999999999 49.03974999999999),7.021299999999999,49.03974999999999,0,23,-23
179,179,POINT (13.368296 52.723667999999996),13.368296,52.723667999999996,0,0,0
180,180,POINT (11.739549999999998 52.76805900000001),11.739549999999998,52.76805900000001,0,0,0
181,181,POINT (10.453194999999997 49.68292699999999),10.453194999999997,49.68292699999999,0,0,0
182,182,POINT (11.081735999999998 49.36525999999999),11.081735999999998,49.36525999999999,0,0,0
183,183,POINT (9.911803 52.368132),9.911803,52.368132,0,62,-62
184,184,POINT (6.4283269999999995 51.60064199999999),6.4283269999999995,51.60064199999999,0,0,0
185,185,POINT (11.055522 51.48688099999999),11.055522,51.48688099999999,0,24,-24
186,186,POINT (13.460111999999999 53.68623899999999),13.460111999999999,53.68623899999999,0,0,0
187,187,POINT (8.716305 53.162569),8.716305,53.162569,22,1011,-989
188,188,POINT (12.463843999999998 48.14419),12.463843999999998,48.14419,0,0,0
189,189,POINT (14.016687 51.260044999999984),14.016687,51.260044999999984,0,0,0
190,190,POINT (9.335752 48.61234700000001),9.335752,48.61234700000001,0,1,-1
191,191,POINT (13.173214999999999 54.247801999999986),13.173214999999999,54.247801999999986,0,0,0
192,192,POINT (10.886713 48.37491),10.886713,48.37491,0,5,-5
193,193,POINT (6.882478 51.351749999999996),6.882478,51.351749999999996,0,0,0
194,194,POINT (13.011443 50.93491099999999),13.011443,50.93491099999999,0,0,0
195,195,POINT (11.52978 52.63758),11.52978,52.63758,0,0,0
196,196,POINT (9.146297 48.708005),9.146297,48.708005,0,0,0
197,197,POINT (6.590201999999999 51.329672),6.590201999999999,51.329672,0,0,0
198,198,POINT (6.849516 52.50547199999999),6.849516,52.50547199999999,0,0,0
199,199,POINT (10.186525 52.69473499999999),10.186525,52.69473499999999,0,0,0
200,200,POINT (13.917851999999998 53.347509),13.917851999999998,53.347509,0,10,-10
201,201,POINT (13.866978 52.536457),13.866978,52.536457,0,0,0
202,202,POINT (13.016599999999999 51.0513),13.016599999999999,51.0513,0,2,-2
203,203,POINT (10.1267 54.32749999999999),10.1267,54.32749999999999,0,0,0
204,204,POINT (8.085055 49.561198),8.085055,49.561198,0,26,-26
205,205,POINT (8.320557 51.894542),8.320557,51.894542,0,0,0
206,206,POINT (10.982711999999998 48.268099),10.982711999999998,48.268099,0,0,0
207,207,POINT (11.714862 53.159059),11.714862,53.159059,0,0,0
208,208,POINT (11.173175999999998 48.413933),11.173175999999998,48.413933,0,0,0
209,209,POINT (7.295552 51.56190300000001),7.295552,51.56190300000001,0,0,0
210,210,POINT (7.19279 49.959259),7.19279,49.959259,0,0,0
211,211,POINT (12.453891 52.127627),12.453891,52.127627,0,0,0
212,212,POINT (6.690488 51.175058),6.690488,51.175058,0,0,0
213,213,POINT (11.461451999999998 51.20517100000001),11.461451999999998,51.20517100000001,0,62,-62
214,214,POINT (6.251689999999999 49.547599999999996),6.251689999999999,49.547599999999996,0,0,0
215,215,POINT (13.396861999999999 53.721273),13.396861999999999,53.721273,0,0,0
216,216,POINT (12.378399999999997 51.3512),12.378399999999997,51.3512,25,0,25
217,217,POINT (11.774109999999999 53.345656),11.774109999999999,53.345656,0,0,0
218,218,POINT (12.506152 52.76999099999999),12.506152,52.76999099999999,0,0,0
219,219,POINT (13.457005 53.88535799999999),13.457005,53.88535799999999,0,0,0
220,220,POINT (6.968137999999999 52.51081699999999),6.968137999999999,52.51081699999999,0,0,0
221,221,POINT (13.366500000000002 51.11626299999999),13.366500000000002,51.11626299999999,0,0,0
222,222,POINT (10.871405 49.52931499999999),10.871405,49.52931499999999,0,0,0
223,223,POINT (10.858282 51.26610199999998),10.858282,51.26610199999998,0,0,0
224,224,POINT (15.039349999999999 51.22406999999999),15.039349999999999,51.22406999999999,0,0,0
225,225,POINT (12.101388 47.888102999999994),12.101388,47.888102999999994,0,0,0
226,226,POINT (6.456999999999999 51.384),6.456999999999999,51.384,0,0,0
227,227,POINT (7.34161 53.54575),7.34161,53.54575,0,0,0
228,228,POINT (13.309800000000001 52.4252),13.309800000000001,52.4252,0,0,0
229,229,POINT (12.612610999999998 50.781515),12.612610999999998,50.781515,0,0,0
230,230,POINT (6.114677 51.014721),6.114677,51.014721,0,0,0
231,231,POINT (11.5559 48.1143),11.5559,48.1143,0,0,0
232,232,POINT (13.521729999999998 50.63739),13.521729999999998,50.63739,0,0,0
233,233,POINT (7.7758449999999995 51.02382599999999),7.7758449999999995,51.02382599999999,0,0,0
234,234,POINT (13.581902999999999 52.314875),13.581902999999999,52.314875,0,0,0
235,235,POINT (8.186253 53.07483),8.186253,53.07483,0,0,0
236,236,POINT (13.141310999999998 52.979301),13.141310999999998,52.979301,0,0,0
237,237,POINT (11.781149 48.018141),11.781149,48.018141,0,0,0
238,238,POINT (8.506818 50.535804999999996),8.506818,50.535804999999996,0,23,-23
239,239,POINT (8.253166 52.40235899999999),8.253166,52.40235899999999,0,0,0
240,240,POINT (8.394883 49.563984),8.394883,49.563984,0,0,0
241,241,POINT (11.6796 52.2985),11.6796,52.2985,0,0,0
242,242,POINT (12.345128 51.163214),12.345128,51.163214,21,1205,-1184
243,243,POINT (11.007699999999998 49.4208),11.007699999999998,49.4208,0,0,0
244,244,POINT (14.038909 51.43584100000001),14.038909,51.43584100000001,0,2,-2
245,245,POINT (10.484353999999998 49.57378299999999),10.484353999999998,49.57378299999999,0,0,0
246,246,POINT (12.843025 50.997493000000006),12.843025,50.997493000000006,0,0,0
247,247,POINT (6.557448 50.793103),6.557448,50.793103,0,0,0
248,248,POINT (9.6813 50.56909999999999),9.6813,50.56909999999999,0,13,-13
249,249,POINT (9.649999999999999 52.9),9.649999999999999,52.9,0,0,0
250,250,POINT (7.25988 51.399877999999994),7.25988,51.399877999999994,0,0,0
251,251,POINT (7.345152 51.70747000000001),7.345152,51.70747000000001,0,0,0
252,252,POINT (6.310866999999999 50.971491),6.310866999999999,50.971491,0,5,-5
253,253,POINT (11.686331999999998 51.861365),11.686331999999998,51.861365,0,0,0
254,254,POINT (8.011674 52.31711599999999),8.011674,52.31711599999999,0,1,-1
255,255,POINT (11.804762999999998 48.20864),11.804762999999998,48.20864,0,0,0
256,256,POINT (6.611011999999999 50.410391000000004),6.611011999999999,50.410391000000004,0,0,0
257,257,POINT (13.7101 53.85629999999999),13.7101,53.85629999999999,0,2,-2
258,258,POINT (11.165983999999998 52.180093),11.165983999999998,52.180093,0,0,0
259,259,POINT (7.485275 53.26013),7.485275,53.26013,0,0,0
260,260,POINT (8.431598999999999 49.733582),8.431598999999999,49.733582,0,0,0
261,261,POINT (13.781176999999998 52.483266),13.781176999999998,52.483266,0,97,-97
262,262,POINT (11.741713 48.894175999999995),11.741713,48.894175999999995,0,18,-18
263,263,POINT (8.058018999999998 52.778503),8.058018999999998,52.778503,0,0,0
264,264,POINT (9.132081999999999 49.786812),9.132081999999999,49.786812,0,1,-1
265,265,POINT (11.374291999999999 50.905943),11.374291999999999,50.905943,0,0,0
266,266,POINT (7.924560999999999 48.46636),7.924560999999999,48.46636,0,5,-5
267,267,POINT (13.370350999999998 52.23807599999999),13.370350999999998,52.23807599999999,0,0,0
268,268,POINT (7.599162999999999 51.280109),7.599162999999999,51.280109,0,9,-9
269,269,POINT (10.055259999999999 53.38313099999999),10.055259999999999,53.38313099999999,0,0,0
270,270,POINT (11.055399999999999 47.7895),11.055399999999999,47.7895,0,8,-8
271,271,POINT (6.841 50.85929999999999),6.841,50.85929999999999,0,7,-7
272,272,POINT (6.562500000000001 52.687575),6.562500000000001,52.687575,0,0,0
273,273,POINT (7.853322000000001 50.899628),7.853322000000001,50.899628,0,0,0
274,274,POINT (12.060999999999998 50.907599999999995),12.060999999999998,50.907599999999995,0,10,-10
275,275,POINT (8.4141 49.99199999999999),8.4141,49.99199999999999,0,4,-4
276,276,POINT (13.976560000000001 54.065146999999996),13.976560000000001,54.065146999999996,0,0,0
277,277,POINT (8.933875 52.56853000000001),8.933875,52.56853000000001,0,0,0
278,278,POINT (11.110515 51.298141),11.110515,51.298141,0,0,0
279,279,POINT (11.689166999999998 48.238382),11.689166999999998,48.238382,0,0,0
280,280,POINT (8.334916999999999 53.19616499999999),8.334916999999999,53.19616499999999,0,0,0
281,281,POINT (10.088771 52.928304),10.088771,52.928304,0,0,0
282,282,POINT (12.419398 48.121349),12.419398,48.121349,0,0,0
283,283,POINT (7.531062 49.63041100000001),7.531062,49.63041100000001,0,0,0
284,284,POINT (6.449576999999999 51.24812099999999),6.449576999999999,51.24812099999999,0,0,0
285,285,POINT (7.562029999999997 52.23818),7.562029999999997,52.23818,0,0,0
286,286,POINT (7.0932509999999995 53.412719),7.0932509999999995,53.412719,0,0,0
287,287,POINT (7.3266469999999995 53.47606799999999),7.3266469999999995,53.47606799999999,4491,0,4491
288,288,POINT (6.653600000000001 50.7055),6.653600000000001,50.7055,0,4,-4
289,289,POINT (8.347019 48.119584),8.347019,48.119584,0,0,0
290,290,POINT (13.417377999999998 51.205423),13.417377999999998,51.205423,0,34,-34
291,291,POINT (12.428781 50.743539),12.428781,50.743539,0,0,0
292,292,POINT (13.495960999999998 51.443870999999994),13.495960999999998,51.443870999999994,0,2,-2
293,293,POINT (7.724780999999999 51.67002999999999),7.724780999999999,51.67002999999999,0,0,0
294,294,POINT (11.177916999999999 52.680083999999994),11.177916999999999,52.680083999999994,0,0,0
295,295,POINT (12.0193 51.29979999999999),12.0193,51.29979999999999,0,0,0
296,296,POINT (6.951191 50.91598200000001),6.951191,50.91598200000001,0,0,0
297,297,POINT (12.256113 49.211854),12.256113,49.211854,0,5,-5
298,298,POINT (13.3093 52.5222),13.3093,52.5222,0,0,0
299,299,POINT (8.521418 52.041809),8.521418,52.041809,0,1,-1
300,300,POINT (6.6642 51.339200000000005),6.6642,51.339200000000005,0,5,-5
301,301,POINT (9.482867 53.43546899999999),9.482867,53.43546899999999,0,29,-29
302,302,POINT (7.584638999999999 53.169788000000004),7.584638999999999,53.169788000000004,0,14,-14
303,303,POINT (12.856231 50.883838999999995),12.856231,50.883838999999995,0,0,0
304,304,POINT (12.593260000000003 48.26284),12.593260000000003,48.26284,0,0,0
305,305,POINT (13.792438999999998 52.422729),13.792438999999998,52.422729,0,0,0
306,306,POINT (7.993757999999999 50.829527999999996),7.993757999999999,50.829527999999996,0,1,-1
307,307,POINT (13.7086 51.042100000000005),13.7086,51.042100000000005,0,0,0
308,308,POINT (12.358116999999998 52.534361000000004),12.358116999999998,52.534361000000004,0,0,0
309,309,POINT (13.07687 48.84135),13.07687,48.84135,0,0,0
310,310,POINT (12.214035 50.782075000000006),12.214035,50.782075000000006,0,0,0
311,311,POINT (7.7461 52.2859),7.7461,52.2859,0,1,-1
312,312,POINT (12.022265999999998 51.77622600000001),12.022265999999998,51.77622600000001,0,0,0
313,313,POINT (11.816447 48.04262899999999),11.816447,48.04262899999999,0,0,0
314,314,POINT (11.630427999999998 52.028699),11.630427999999998,52.028699,0,0,0
315,315,POINT (7.371066999999999 51.237731),7.371066999999999,51.237731,0,0,0
316,316,POINT (6.789283999999999 50.250417),6.789283999999999,50.250417,0,7,-7
317,317,POINT (7.760199999999999 49.43469999999999),7.760199999999999,49.43469999999999,0,0,0
318,318,POINT (8.665299999999998 48.883199999999995),8.665299999999998,48.883199999999995,0,0,0
319,319,POINT (8.6482 52.19509999999999),8.6482,52.19509999999999,0,2,-2
320,320,POINT (9.243662 53.340059999999994),9.243662,53.340059999999994,0,0,0
321,321,POINT (7.75643 48.52908),7.75643,48.52908,0,99,-99
322,322,POINT (11.812318999999999 48.401235),11.812318999999999,48.401235,0,0,0
323,323,POINT (11.031503 52.82459299999999),11.031503,52.82459299999999,0,0,0
324,324,POINT (9.227342999999998 49.200768999999994),9.227342999999998,49.200768999999994,0,4,-4
325,325,POINT (9.8225 51.9851),9.8225,51.9851,0,4,-4
326,326,POINT (8.343085 51.662601),8.343085,51.662601,0,88,-88
327,327,POINT (11.751399 51.80334),11.751399,51.80334,0,32,-32
328,328,POINT (9.809392 50.787905),9.809392,50.787905,0,17,-17
329,329,POINT (8.510986 51.65969200000001),8.510986,51.65969200000001,0,13,-13
330,330,POINT (8.761778999999999 51.86927599999999),8.761778999999999,51.86927599999999,0,0,0
331,331,POINT (7.256659999999999 53.941679999999984),7.256659999999999,53.941679999999984,0,0,0
332,332,POINT (7.874950000000001 47.52101999999999),7.874950000000001,47.52101999999999,0,0,0
333,333,POINT (9.34391 55.57512),9.34391,55.57512,0,0,0
334,334,POINT (8.774215 51.81391099999998),8.774215,51.81391099999998,0,12,-12
335,335,POINT (9.949775 51.782514000000006),9.949775,51.782514000000006,0,9,-9
336,336,POINT (9.600929999999998 47.537769999999995),9.600929999999998,47.537769999999995,0,0,0
337,337,POINT (12.091701 54.123003999999995),12.091701,54.123003999999995,0,0,0
338,338,POINT (10.114399999999998 48.16030000000001),10.114399999999998,48.16030000000001,0,0,0
339,339,POINT (10.651399999999999 49.98400000000001),10.651399999999999,49.98400000000001,0,6,-6
340,340,POINT (7.705230000000001 51.27723999999999),7.705230000000001,51.27723999999999,0,0,0
341,341,POINT (13.395942999999999 50.867205999999996),13.395942999999999,50.867205999999996,0,1,-1
342,342,POINT (8.40433 49.898499999999984),8.40433,49.898499999999984,0,0,0
343,343,POINT (9.414961 47.85120799999999),9.414961,47.85120799999999,0,0,0
344,344,POINT (10.266474999999998 50.81696999999998),10.266474999999998,50.81696999999998,0,1,-1
345,345,POINT (7.891542 51.09273699999999),7.891542,51.09273699999999,0,4,-4
346,346,POINT (6.82606 52.67804999999999),6.82606,52.67804999999999,0,0,0
347,347,POINT (7.324344999999998 53.27080999999999),7.324344999999998,53.27080999999999,0,0,0
348,348,POINT (7.714182000000001 50.773315),7.714182000000001,50.773315,0,0,0
349,349,POINT (6.445939999999999 49.526959999999995),6.445939999999999,49.526959999999995,21,1016,-995
350,350,POINT (8.157952999999997 51.837979),8.157952999999997,51.837979,0,0,0
351,351,POINT (11.759217 51.750252),11.759217,51.750252,0,162,-162
352,352,POINT (7.26685 51.507735000000004),7.26685,51.507735000000004,0,0,0
353,353,POINT (7.697399 49.297184),7.697399,49.297184,0,0,0
354,354,POINT (6.793079 51.295809),6.793079,51.295809,0,0,0
355,355,POINT (8.334259 52.808309),8.334259,52.808309,0,0,0
356,356,POINT (12.055337 51.411742000000004),12.055337,51.411742000000004,0,4,-4
357,357,POINT (6.895099 51.810868),6.895099,51.810868,0,0,0
358,358,POINT (9.369836 54.153612),9.369836,54.153612,41,366,-325
359,359,POINT (12.843602999999998 52.388922),12.843602999999998,52.388922,0,0,0
360,360,POINT (8.4355 49.57269),8.4355,49.57269,0,0,0
361,361,POINT (13.564966999999998 51.01551),13.564966999999998,51.01551,0,0,0
362,362,POINT (13.422123999999998 50.797118),13.422123999999998,50.797118,0,0,0
363,363,POINT (7.0969 51.6804),7.0969,51.6804,0,5,-5
364,364,POINT (13.385 54.09729999999999),13.385,54.09729999999999,0,0,0
365,365,POINT (13.016325999999998 52.373533),13.016325999999998,52.373533,0,0,0
366,366,POINT (6.335239999999999 51.47837799999999),6.335239999999999,51.47837799999999,0,0,0
367,367,POINT (11.379824 53.569213000000005),11.379824,53.569213000000005,0,0,0
368,368,POINT (13.384905999999999 50.648857),13.384905999999999,50.648857,440,0,440
369,369,POINT (8.075673 51.652357),8.075673,51.652357,0,0,0
370,370,POINT (9.130455999999999 52.60063299999999),9.130455999999999,52.60063299999999,0,0,0
371,371,POINT (11.876599999999998 51.9832),11.876599999999998,51.9832,0,0,0
372,372,POINT (8.868478999999999 47.770212),8.868478999999999,47.770212,0,0,0
373,373,POINT (15.5944 52.444160000000004),15.5944,52.444160000000004,0,0,0
374,374,POINT (9.650855 50.47331399999999),9.650855,50.47331399999999,0,0,0
375,375,POINT (9.1558 49.98819999999999),9.1558,49.98819999999999,0,9,-9
376,376,POINT (12.260908999999998 51.69521000000001),12.260908999999998,51.69521000000001,0,0,0
377,377,POINT (7.240145999999999 52.35642200000001),7.240145999999999,52.35642200000001,0,0,0
378,378,POINT (11.785769999999998 51.95098),11.785769999999998,51.95098,0,0,0
379,379,POINT (7.4235929999999986 53.233796),7.4235929999999986,53.233796,665,2,663
380,380,POINT (10.656869 48.58088299999999),10.656869,48.58088299999999,0,2,-2
381,381,POINT (7.527810000000001 47.988099999999996),7.527810000000001,47.988099999999996,0,0,0
382,382,POINT (7.640442999999999 51.679284),7.640442999999999,51.679284,0,0,0
383,383,POINT (6.392669 50.788562),6.392669,50.788562,0,0,0
384,384,POINT (6.17837 51.37066),6.17837,51.37066,0,0,0
385,385,POINT (12.917838999999999 52.176629999999996),12.917838999999999,52.176629999999996,0,0,0
386,386,POINT (7.407857 53.257245000000005),7.407857,53.257245000000005,0,519,-519
387,387,POINT (10.514699999999998 52.278600000000004),10.514699999999998,52.278600000000004,0,0,0
388,388,POINT (7.643662 49.404181),7.643662,49.404181,0,0,0
389,389,POINT (10.655501 53.700099),10.655501,53.700099,0,0,0
390,390,POINT (10.2457 52.6235),10.2457,52.6235,0,2,-2
391,391,POINT (11.329299999999998 50.686899999999994),11.329299999999998,50.686899999999994,0,67,-67
392,392,POINT (13.421 52.511599999999994),13.421,52.511599999999994,0,0,0
393,393,POINT (9.202601 52.061565),9.202601,52.061565,0,6,-6
394,394,POINT (6.998246999999999 50.966092999999994),6.998246999999999,50.966092999999994,0,0,0
395,395,POINT (8.4088 51.907299999999985),8.4088,51.907299999999985,0,0,0
396,396,POINT (13.668602999999997 51.306168),13.668602999999997,51.306168,0,0,0
397,397,POINT (8.644253 49.32747299999999),8.644253,49.32747299999999,0,26,-26
398,398,POINT (10.018552 49.171201),10.018552,49.171201,0,0,0
399,399,POINT (12.882499999999999 48.7874),12.882499999999999,48.7874,0,12,-12
400,400,POINT (7.124878 52.058939),7.124878,52.058939,0,0,0
401,401,POINT (6.131469 51.603189),6.131469,51.603189,0,0,0
402,402,POINT (14.50612 51.40811300000001),14.50612,51.40811300000001,0,0,0
403,403,POINT (14.423337000000002 52.196191),14.423337000000002,52.196191,21,642,-621
404,404,POINT (10.545235 48.699313),10.545235,48.699313,0,52,-52
405,405,POINT (10.776077 52.495082),10.776077,52.495082,0,0,0
406,406,POINT (8.714253 50.79117800000001),8.714253,50.79117800000001,0,0,0
407,407,POINT (9.335639 52.96381699999999),9.335639,52.96381699999999,0,0,0
408,408,POINT (7.488253 50.931533),7.488253,50.931533,0,0,0
409,409,POINT (9.656207999999998 50.684748),9.656207999999998,50.684748,0,0,0
410,410,POINT (12.846167999999999 48.934532999999995),12.846167999999999,48.934532999999995,0,0,0
411,411,POINT (9.9231 49.8),9.9231,49.8,0,4,-4
412,412,POINT (14.978093000000001 51.14649800000001),14.978093000000001,51.14649800000001,0,0,0
413,413,POINT (9.814814 48.615944000000006),9.814814,48.615944000000006,0,0,0
414,414,POINT (9.368099999999998 52.418499999999995),9.368099999999998,52.418499999999995,0,0,0
415,415,POINT (14.353417 51.518704),14.353417,51.518704,3,9,-6
416,416,POINT (7.5885940000000005 51.993288),7.5885940000000005,51.993288,0,0,0
417,417,POINT (14.742041 51.32701999999998),14.742041,51.32701999999998,0,0,0
418,418,POINT (9.59059 47.48454),9.59059,47.48454,0,0,0
419,419,POINT (13.979229 52.45214499999999),13.979229,52.45214499999999,0,0,0
420,420,POINT (13.400899000000003 50.932709),13.400899000000003,50.932709,0,0,0
421,421,POINT (11.590301 52.657963),11.590301,52.657963,0,0,0
422,422,POINT (15.239624999999998 51.229144999999995),15.239624999999998,51.229144999999995,0,0,0
423,423,POINT (10.75 51.219587),10.75,51.219587,0,0,0
424,424,POINT (9.311253 50.551258),9.311253,50.551258,0,0,0
425,425,POINT (9.00524 47.47335000000001),9.00524,47.47335000000001,0,0,0
426,426,POINT (8.5999 51.4085),8.5999,51.4085,0,7,-7
427,427,POINT (10.06044 48.40830199999999),10.06044,48.40830199999999,0,0,0
428,428,POINT (8.553427 49.756057),8.553427,49.756057,0,0,0
429,429,POINT (7.457690000000001 53.69158900000001),7.457690000000001,53.69158900000001,0,0,0
430,430,POINT (6.478119 51.1127),6.478119,51.1127,0,0,0
431,431,POINT (13.386092 50.74893399999999),13.386092,50.74893399999999,0,1,-1
432,432,POINT (11.966049999999997 51.474649),11.966049999999997,51.474649,0,0,0
433,433,POINT (12.539920999999998 49.661826),12.539920999999998,49.661826,0,0,0
434,434,POINT (9.642154 48.968540999999995),9.642154,48.968540999999995,1,0,1
435,435,POINT (13.633302 51.63016),13.633302,51.63016,0,0,0
436,436,POINT (12.421017999999998 47.918836),12.421017999999998,47.918836,0,0,0
437,437,POINT (9.071500000000002 48.5109),9.071500000000002,48.5109,0,0,0
438,438,POINT (9.424897 50.379228),9.424897,50.379228,0,0,0
439,439,POINT (10.815858999999998 48.23657899999999),10.815858999999998,48.23657899999999,0,4,-4
440,440,POINT (12.342238 51.702806),12.342238,51.702806,0,0,0
441,441,POINT (11.254513999999999 52.52439999999999),11.254513999999999,52.52439999999999,0,4,-4
442,442,POINT (12.016360999999998 54.120956),12.016360999999998,54.120956,0,0,0
443,443,POINT (8.723711 47.74369299999999),8.723711,47.74369299999999,0,0,0
444,444,POINT (8.225166 48.923731999999994),8.225166,48.923731999999994,0,1,-1
445,445,POINT (8.482303999999997 52.61641099999999),8.482303999999997,52.61641099999999,0,0,0
446,446,POINT (12.029793 50.794432),12.029793,50.794432,0,3,-3
447,447,POINT (7.416317000000001 53.65249599999999),7.416317000000001,53.65249599999999,1748,0,1748
448,448,POINT (7.922593000000001 50.364024),7.922593000000001,50.364024,0,4,-4
449,449,POINT (18.909979999999997 52.73837999999999),18.909979999999997,52.73837999999999,0,0,0
450,450,POINT (7.2843670000000005 50.956302),7.2843670000000005,50.956302,0,0,0
451,451,POINT (12.228765 51.428414000000004),12.228765,51.428414000000004,0,0,0
452,452,POINT (10.935799999999999 48.401),10.935799999999999,48.401,0,0,0
453,453,POINT (7.439650000000001 47.67993),7.439650000000001,47.67993,0,5,-5
454,454,POINT (8.67361 49.412325),8.67361,49.412325,0,0,0
455,455,POINT (8.483277000000001 52.20253700000001),8.483277000000001,52.20253700000001,0,0,0
456,456,POINT (11.165275 49.371160999999994),11.165275,49.371160999999994,0,1,-1
457,457,POINT (7.326358 51.438719),7.326358,51.438719,0,6,-6
458,458,POINT (9.763986 53.12394900000001),9.763986,53.12394900000001,0,0,0
459,459,POINT (8.68459 47.73421),8.68459,47.73421,0,0,0
460,460,POINT (10.836841 53.79321800000001),10.836841,53.79321800000001,0,0,0
461,461,POINT (8.055782 49.10669099999999),8.055782,49.10669099999999,0,0,0
462,462,POINT (10.2206 50.80030000000001),10.2206,50.80030000000001,0,4,-4
463,463,POINT (8.4709 49.5307),8.4709,49.5307,0,10,-10
464,464,POINT (8.3228 49.019816999999996),8.3228,49.019816999999996,0,0,0
465,465,POINT (28.30912 60.44315),28.30912,60.44315,0,0,0
466,466,POINT (6.7467 51.398725000000006),6.7467,51.398725000000006,56,1063,-1007
467,467,POINT (13.699931 51.438789),13.699931,51.438789,0,0,0
468,468,POINT (6.898994000000001 51.181398),6.898994000000001,51.181398,0,0,0
469,469,POINT (7.076186999999999 51.088203),7.076186999999999,51.088203,0,0,0
470,470,POINT (7.641300000000001 51.95009999999999),7.641300000000001,51.95009999999999,0,0,0
471,471,POINT (8.641864 50.411936999999995),8.641864,50.411936999999995,0,0,0
472,472,POINT (13.415014999999999 52.32908),13.415014999999999,52.32908,0,0,0
473,473,POINT (9.961157999999998 52.142579000000005),9.961157999999998,52.142579000000005,0,2,-2
474,474,POINT (7.4769999999999985 51.5197),7.4769999999999985,51.5197,0,0,0
475,475,POINT (8.284674999999998 49.487084),8.284674999999998,49.487084,0,1,-1
476,476,POINT (6.951183000000001 50.128054),6.951183000000001,50.128054,0,1,-1
477,477,POINT (6.4879999999999995 50.77490000000001),6.4879999999999995,50.77490000000001,0,9,-9
478,478,POINT (12.234113000000002 51.65884),12.234113000000002,51.65884,0,11,-11
479,479,POINT (14.452442000000001 51.157171),14.452442000000001,51.157171,0,0,0
480,480,POINT (12.385286 51.05443),12.385286,51.05443,0,0,0
481,481,POINT (8.180301 49.019946999999995),8.180301,49.019946999999995,0,0,0
482,482,POINT (11.138153 49.44825),11.138153,49.44825,0,0,0
483,483,POINT (7.080499999999999 50.73380000000001),7.080499999999999,50.73380000000001,0,0,0
484,484,POINT (10.425932999999999 50.900715999999996),10.425932999999999,50.900715999999996,0,0,0
485,485,POINT (9.285374999999998 54.803583999999994),9.285374999999998,54.803583999999994,218,0,218
486,486,POINT (8.408662 52.606601),8.408662,52.606601,0,0,0
487,487,POINT (6.800373 50.632522),6.800373,50.632522,0,4,-4
488,488,POINT (11.830279999999998 53.57755199999999),11.830279999999998,53.57755199999999,0,0,0
489,489,POINT (12.40772 52.39792800000001),12.40772,52.39792800000001,0,60,-60
490,490,POINT (5.98559 50.793600000000005),5.98559,50.793600000000005,0,11,-11
491,491,POINT (12.135993 49.554659),12.135993,49.554659,0,18,-18
492,492,POINT (7.935999999999998 49.20949999999999),7.935999999999998,49.20949999999999,0,1,-1
493,493,POINT (7.066855 50.937225),7.066855,50.937225,0,1,-1
494,494,POINT (14.257099999999998 53.865680000000005),14.257099999999998,53.865680000000005,0,0,0
495,495,POINT (9.795259 49.11948999999999),9.795259,49.11948999999999,0,0,0
496,496,POINT (8.653906 50.57321099999999),8.653906,50.57321099999999,0,0,0
497,497,POINT (7.48979 51.546936),7.48979,51.546936,0,4,-4
498,498,POINT (8.591739 48.071164),8.591739,48.071164,0,25,-25
499,499,POINT (13.971099999999998 51.51219999999999),13.971099999999998,51.51219999999999,0,0,0
500,500,POINT (10.920231 48.45876700000001),10.920231,48.45876700000001,0,47,-47
501,501,POINT (12.88526 53.915766),12.88526,53.915766,0,0,0
502,502,POINT (9.559552 47.96670799999999),9.559552,47.96670799999999,0,14,-14
503,503,POINT (6.637508999999999 51.528227999999984),6.637508999999999,51.528227999999984,0,0,0
504,504,POINT (12.86101 48.191485),12.86101,48.191485,0,1,-1
505,505,POINT (10.168350000000002 48.607474999999994),10.168350000000002,48.607474999999994,0,0,0
506,506,POINT (8.307 49.07),8.307,49.07,0,0,0
507,507,POINT (11.354222999999998 53.69793399999999),11.354222999999998,53.69793399999999,0,0,0
508,508,POINT (6.7275 51.491),6.7275,51.491,42,3036,-2994
509,509,POINT (12.11858 47.73772999999999),12.11858,47.73772999999999,0,0,0
510,510,POINT (12.500754 51.15668099999999),12.500754,51.15668099999999,0,0,0
511,511,POINT (7.683914000000001 51.486150999999985),7.683914000000001,51.486150999999985,0,0,0
512,512,POINT (10.3531 51.6627),10.3531,51.6627,0,1,-1
513,513,POINT (7.200963999999999 52.15006499999999),7.200963999999999,52.15006499999999,0,0,0
514,514,POINT (7.285733 52.47863399999999),7.285733,52.47863399999999,0,1,-1
515,515,POINT (8.2816 49.0475),8.2816,49.0475,0,10,-10
516,516,POINT (7.200299999999999 51.26890000000001),7.200299999999999,51.26890000000001,0,0,0
517,517,POINT (10.000695 48.284870999999995),10.000695,48.284870999999995,0,0,0
518,518,POINT (8.770964 49.821352),8.770964,49.821352,0,0,0
519,519,POINT (13.429099 52.62557399999999),13.429099,52.62557399999999,0,0,0
520,520,POINT (12.049472999999999 47.904176),12.049472999999999,47.904176,0,1,-1
521,521,POINT (6.786499999999999 51.2545),6.786499999999999,51.2545,0,0,0
522,522,POINT (10.75419 47.54209),10.75419,47.54209,0,0,0
523,523,POINT (12.32804 49.69749),12.32804,49.69749,3,2,1
524,524,POINT (7.000275 51.692792999999995),7.000275,51.692792999999995,0,0,0
525,525,POINT (14.17582 53.90201999999999),14.17582,53.90201999999999,0,0,0
526,526,POINT (11.0016 49.592999999999996),11.0016,49.592999999999996,0,0,0
527,527,POINT (6.386149999999999 52.47225),6.386149999999999,52.47225,0,0,0
528,528,POINT (12.327 51.6257),12.327,51.6257,0,2,-2
529,529,POINT (13.214364 52.66354199999999),13.214364,52.66354199999999,0,59,-59
530,530,POINT (9.070244 48.961434999999994),9.070244,48.961434999999994,0,0,0
531,531,POINT (7.706899999999999 47.5397),7.706899999999999,47.5397,0,0,0
532,532,POINT (13.672431999999999 52.65516699999999),13.672431999999999,52.65516699999999,0,0,0
533,533,POINT (10.079837 52.38452800000001),10.079837,52.38452800000001,0,0,0
534,534,POINT (9.85189 53.381984999999986),9.85189,53.381984999999986,0,0,0
535,535,POINT (6.967347999999999 51.379843),6.967347999999999,51.379843,0,0,0
536,536,POINT (13.621450999999999 51.152673),13.621450999999999,51.152673,0,0,0
537,537,POINT (11.827835 51.417739),11.827835,51.417739,75,0,75
538,538,POINT (12.22717 47.6481),12.22717,47.6481,0,0,0
539,539,POINT (6.772678999999999 51.05559),6.772678999999999,51.05559,0,0,0
540,540,POINT (7.3764509999999985 49.749549),7.3764509999999985,49.749549,0,0,0
541,541,POINT (12.413428999999999 51.404212),12.413428999999999,51.404212,0,0,0
542,542,POINT (5.519794 59.272825000000005),5.519794,59.272825000000005,0,0,0
543,543,POINT (12.710627 48.975265),12.710627,48.975265,0,0,0
544,544,POINT (8.84351 52.1326),8.84351,52.1326,0,0,0
545,545,POINT (9.767451999999999 49.767193),9.767451999999999,49.767193,0,37,-37
546,546,POINT (7.600275000000001 47.43527000000001),7.600275000000001,47.43527000000001,0,0,0
547,547,POINT (12.641492 48.179916),12.641492,48.179916,0,0,0
548,548,POINT (6.901575 53.3089),6.901575,53.3089,0,0,0
549,549,POINT (7.673591000000001 47.56344),7.673591000000001,47.56344,0,0,0
550,550,POINT (7.832023000000001 53.148543999999994),7.832023000000001,53.148543999999994,21,0,21
551,551,POINT (9.263047000000002 52.68035099999999),9.263047000000002,52.68035099999999,0,0,0
552,552,POINT (8.222966 49.61154799999999),8.222966,49.61154799999999,0,4,-4
553,553,POINT (11.360764999999999 53.422765999999996),11.360764999999999,53.422765999999996,0,57,-57
554,554,POINT (11.21891 52.820686),11.21891,52.820686,0,0,0
555,555,POINT (6.6436 51.46929999999998),6.6436,51.46929999999998,0,0,0
556,556,POINT (11.433414999999998 48.032723),11.433414999999998,48.032723,0,0,0
557,557,POINT (8.352079 51.51849300000001),8.352079,51.51849300000001,0,0,0
558,558,POINT (12.672304999999998 51.95650899999999),12.672304999999998,51.95650899999999,0,0,0
559,559,POINT (10.702464 51.219587),10.702464,51.219587,0,42,-42
560,560,POINT (9.905808 49.83915700000001),9.905808,49.83915700000001,0,39,-39
561,561,POINT (12.376260000000002 48.045615),12.376260000000002,48.045615,0,1,-1
562,562,POINT (13.673704999999998 53.97482),13.673704999999998,53.97482,0,0,0
563,563,POINT (13.483420999999998 50.92858600000001),13.483420999999998,50.92858600000001,0,0,0
564,564,POINT (8.056946 50.403136),8.056946,50.403136,0,17,-17
565,565,POINT (12.1852 48.05639999999999),12.1852,48.05639999999999,0,0,0
566,566,POINT (11.357269 53.65818600000001),11.357269,53.65818600000001,0,0,0
567,567,POINT (10.71039 53.19676),10.71039,53.19676,0,0,0
568,568,POINT (7.192335999999998 53.212193),7.192335999999998,53.212193,0,0,0
569,569,POINT (10.065799999999998 53.5267),10.065799999999998,53.5267,0,0,0
570,570,POINT (9.011699999999998 49.81079999999999),9.011699999999998,49.81079999999999,0,0,0
571,571,POINT (13.308192 54.050548),13.308192,54.050548,0,0,0
572,572,POINT (8.554764999999998 49.397773),8.554764999999998,49.397773,0,0,0
573,573,POINT (8.3589 49.663299999999985),8.3589,49.663299999999985,0,0,0
574,574,POINT (11.393437999999998 53.366413),11.393437999999998,53.366413,0,0,0
575,575,POINT (7.890746999999999 49.507522),7.890746999999999,49.507522,0,0,0
576,576,POINT (11.5738 51.86549999999998),11.5738,51.86549999999998,0,0,0
577,577,POINT (8.458984999999998 49.045185),8.458984999999998,49.045185,0,0,0
578,578,POINT (14.213376999999998 51.448207000000004),14.213376999999998,51.448207000000004,0,0,0
579,579,POINT (13.42279 54.268589999999996),13.42279,54.268589999999996,0,0,0
580,580,POINT (12.578413999999999 51.395941),12.578413999999999,51.395941,0,0,0
581,581,POINT (7.843879 52.60560699999999),7.843879,52.60560699999999,0,1,-1
582,582,POINT (6.100086999999999 51.96175099999999),6.100086999999999,51.96175099999999,0,0,0
583,583,POINT (13.560305999999999 53.994342),13.560305999999999,53.994342,0,0,0
584,584,POINT (13.224641 52.51327599999999),13.224641,52.51327599999999,0,0,0
585,585,POINT (8.411373 48.941723999999994),8.411373,48.941723999999994,0,0,0
586,586,POINT (12.727906 48.179619),12.727906,48.179619,0,3,-3
587,587,POINT (11.031415 51.15325),11.031415,51.15325,0,0,0
588,588,POINT (12.875172 52.494353999999994),12.875172,52.494353999999994,0,0,0
589,589,POINT (11.595699999999999 48.18889999999999),11.595699999999999,48.18889999999999,0,0,0
590,590,POINT (11.714321 50.82425099999999),11.714321,50.82425099999999,0,0,0
591,591,POINT (11.075456 50.87201699999999),11.075456,50.87201699999999,0,0,0
592,592,POINT (6.374354 51.726344),6.374354,51.726344,0,1,-1
593,593,POINT (12.119299999999999 47.79600000000001),12.119299999999999,47.79600000000001,0,31,-31
594,594,POINT (6.833657 51.97324199999999),6.833657,51.97324199999999,0,0,0
595,595,POINT (13.651263 52.197086),13.651263,52.197086,0,0,0
596,596,POINT (7.227 51.48708),7.227,51.48708,0,0,0
597,597,POINT (8.044505 52.009094),8.044505,52.009094,0,0,0
598,598,POINT (6.928418999999999 50.804215),6.928418999999999,50.804215,0,0,0
599,599,POINT (10.242540999999997 53.584832),10.242540999999997,53.584832,0,0,0
600,600,POINT (12.501059 49.681546000000004),12.501059,49.681546000000004,0,0,0
601,601,POINT (9.311697999999998 52.134783999999996),9.311697999999998,52.134783999999996,0,3,-3
602,602,POINT (11.543641999999998 52.089138999999996),11.543641999999998,52.089138999999996,0,29,-29
603,603,POINT (8.475607 49.818167999999986),8.475607,49.818167999999986,0,0,0
604,604,POINT (13.188612000000001 53.588385),13.188612000000001,53.588385,0,0,0
605,605,POINT (9.865477999999998 52.51805600000001),9.865477999999998,52.51805600000001,0,0,0
606,606,POINT (9.950799999999997 53.5177),9.950799999999997,53.5177,0,231,-231
607,607,POINT (12.306070999999998 53.83176),12.306070999999998,53.83176,91,0,91
608,608,POINT (6.812494 51.548819),6.812494,51.548819,0,16,-16
609,609,POINT (9.778463999999998 48.360497),9.778463999999998,48.360497,0,84,-84
610,610,POINT (8.478981 49.72124199999999),8.478981,49.72124199999999,0,0,0
611,611,POINT (11.585699999999997 50.8969),11.585699999999997,50.8969,0,0,0
612,612,POINT (7.379041 52.320094000000005),7.379041,52.320094000000005,0,1,-1
613,613,POINT (5.722341 51.845368),5.722341,51.845368,0,0,0
614,614,POINT (6.80857 54.19578),6.80857,54.19578,0,0,0
615,615,POINT (11.56896 48.76146800000001),11.56896,48.76146800000001,21,859,-838
616,616,POINT (6.510393 51.357503),6.510393,51.357503,0,0,0
617,617,POINT (11.939728999999998 51.933602),11.939728999999998,51.933602,0,0,0
618,618,POINT (6.123468 51.80289499999999),6.123468,51.80289499999999,0,0,0
619,619,POINT (12.495754 50.97813),12.495754,50.97813,0,0,0
620,620,POINT (10.758663999999998 52.83860599999999),10.758663999999998,52.83860599999999,0,0,0
621,621,POINT (13.658976999999998 54.147889),13.658976999999998,54.147889,0,0,0
622,622,POINT (8.701039 53.85786800000001),8.701039,53.85786800000001,917,4,913
623,623,POINT (8.57264 49.276384),8.57264,49.276384,0,3,-3
624,624,POINT (6.951520999999999 51.47767),6.951520999999999,51.47767,0,126,-126
625,625,POINT (9.294336 52.44289899999999),9.294336,52.44289899999999,0,0,0
626,626,POINT (7.775604000000001 51.936816),7.775604000000001,51.936816,0,0,0
627,627,POINT (12.170587999999999 53.139099),12.170587999999999,53.139099,0,0,0
628,628,POINT (6.79571 51.392262),6.79571,51.392262,0,0,0
629,629,POINT (9.447571 53.53543),9.447571,53.53543,0,0,0
630,630,POINT (11.821541 51.56051500000001),11.821541,51.56051500000001,0,0,0
631,631,POINT (8.91136 49.78904000000001),8.91136,49.78904000000001,0,0,0
632,632,POINT (10.705556 52.963948),10.705556,52.963948,0,5,-5
633,633,POINT (9.245955 52.78501599999999),9.245955,52.78501599999999,0,3,-3
634,634,POINT (5.747542999999999 50.748580000000004),5.747542999999999,50.748580000000004,0,0,0
635,635,POINT (9.603747999999998 53.342175),9.603747999999998,53.342175,0,0,0
636,636,POINT (6.89157 51.09986399999999),6.89157,51.09986399999999,0,0,0
637,637,POINT (6.714200000000001 51.21915),6.714200000000001,51.21915,0,2,-2
638,638,POINT (8.807959 52.676187),8.807959,52.676187,0,0,0
639,639,POINT (9.185599999999999 48.493900000000004),9.185599999999999,48.493900000000004,0,0,0
640,640,POINT (9.708357 52.211164999999994),9.708357,52.211164999999994,0,4,-4
641,641,POINT (12.001122999999998 53.907065),12.001122999999998,53.907065,0,0,0
642,642,POINT (7.084311 52.629981),7.084311,52.629981,0,0,0
643,643,POINT (6.80335 51.99243),6.80335,51.99243,0,1,-1
644,644,POINT (11.094050999999999 52.83726899999999),11.094050999999999,52.83726899999999,0,0,0
645,645,POINT (8.296524 51.410862),8.296524,51.410862,0,4,-4
646,646,POINT (7.01965 52.124059999999986),7.01965,52.124059999999986,404,0,404
647,647,POINT (13.112499999999999 52.3661),13.112499999999999,52.3661,0,0,0
648,648,POINT (9.3749 48.7176),9.3749,48.7176,0,0,0
649,649,POINT (8.534832 49.722546),8.534832,49.722546,0,2,-2
650,650,POINT (7.280678999999999 52.55942700000001),7.280678999999999,52.55942700000001,0,0,0
651,651,POINT (8.994275 47.847184),8.994275,47.847184,0,0,0
652,652,POINT (9.664175000000002 53.66616400000001),9.664175000000002,53.66616400000001,0,3,-3
653,653,POINT (7.244199999999999 49.14757),7.244199999999999,49.14757,0,0,0
654,654,POINT (12.093572 49.299596),12.093572,49.299596,0,36,-36
655,655,POINT (12.15392 51.256394),12.15392,51.256394,0,0,0
656,656,POINT (7.880748999999999 52.439716999999995),7.880748999999999,52.439716999999995,0,0,0
657,657,POINT (7.904585999999999 53.511549999999986),7.904585999999999,53.511549999999986,1017,63,954
658,658,POINT (13.8891 51.4762),13.8891,51.4762,0,0,0
