,ID,geometry
0,0,POINT (1011631.4573125847 6302372.622493805)
1,1,POINT (780801.5875934684 6789988.023512573)
2,2,POINT (814333.0219712367 6423818.921188078)
3,3,POINT (826829.525368708 6904949.270716516)
4,4,POINT (935841.1404788553 6883948.517701994)
5,5,POINT (1058491.6196009947 6214181.710083661)
6,6,POINT (1618919.3546065777 6877703.845518449)
7,7,POINT (1125054.5525233785 6987109.632281693)
8,8,POINT (1172172.1967939935 6054268.012778448)
9,9,POINT (1363824.1736038344 6128642.61220132)
10,10,POINT (715379.6794517156 6739554.901315285)
11,11,POINT (1074332.3831408776 6861768.327859421)
12,12,POINT (1001786.3615468275 6223637.8814817425)
13,13,POINT (782429.5238268293 6832005.839920459)
14,14,POINT (1364763.1535086755 7042887.472712846)
15,15,POINT (793722.2182508621 6594014.943007781)
16,16,POINT (1414677.47734649 6126168.841136996)
17,17,POINT (1014153.9569739603 6232682.665145555)
18,18,POINT (1605618.1226101618 6194018.401582452)
19,19,POINT (935161.5349875623 7019012.09753895)
20,20,POINT (759057.4401373275 6651933.6625410905)
21,21,POINT (1319920.3230324213 6848320.74359717)
22,22,POINT (1651633.3699634508 6642948.483992473)
23,23,POINT (1166083.4659255648 7129442.703621448)
24,24,POINT (1406624.7367019954 6612285.8478666805)
25,25,POINT (1403095.686204867 6280492.20346817)
26,26,POINT (1266383.1063667398 7096219.644843116)
27,27,POINT (1065634.7686862175 6878591.31512336)
28,28,POINT (938601.4185725653 6362470.763396497)
29,29,POINT (850185.8016905172 6081870.670553716)
30,30,POINT (1331313.4276371496 6670297.919056293)
31,31,POINT (904827.0850658861 7057930.056585448)
32,32,POINT (955801.949692488 6844398.775559512)
33,33,POINT (987025.3970676395 6804864.137465756)
34,34,POINT (912603.7533732136 6712937.993138113)
35,35,POINT (774716.8642267081 6591365.725437965)
36,36,POINT (791058.8994336331 6568083.889867867)
37,37,POINT (1239308.7590524354 6344016.888411378)
38,38,POINT (1018372.9656750252 6416765.92189708)
39,39,POINT (1516515.2191919554 6787070.450239382)
40,40,POINT (1130978.1965869614 6866560.840779072)
41,41,POINT (1150419.5890565524 6048449.961867908)
42,42,POINT (772006.234625892 6676041.131952842)
43,43,POINT (889044.2076612159 7053332.442314004)
44,44,POINT (1234537.1603990723 6063469.5596629605)
45,45,POINT (871902.1192739597 6310237.140672358)
46,46,POINT (1293052.9186515014 6838050.963818168)
47,47,POINT (737708.5881929934 6698110.188187058)
48,48,POINT (1034257.2551358083 6970035.365854983)
49,49,POINT (792317.8115550141 6726451.206697488)
50,50,POINT (1222903.383055249 6949219.719489237)
51,51,POINT (1195552.7407647958 7046791.540744865)
52,52,POINT (1134172.7320142558 6141198.249823009)
53,53,POINT (1518511.9568983149 7141325.472494585)
54,54,POINT (1181595.7256481166 7168189.933931875)
55,55,POINT (1393681.0629100075 6383393.688446773)
56,56,POINT (1162637.1258100956 6870220.204396662)
57,57,POINT (815843.850100283 7134574.8782972265)
58,58,POINT (944588.4034264092 6791313.095713942)
59,59,POINT (814533.5083741554 6880240.906651364)
60,60,POINT (882629.9786017075 6741321.954402166)
61,61,POINT (1459031.503938671 6632387.701550039)
62,62,POINT (737375.9655545033 6673606.498127975)
63,63,POINT (1276544.5721253315 6837724.884867523)
64,64,POINT (938030.1269458145 6655308.534423015)
65,65,POINT (1650757.8421683616 6665162.831776597)
66,66,POINT (775273.0164027113 6624699.354538978)
67,67,POINT (831341.9722475042 6318232.316894439)
68,68,POINT (1265229.3911641582 6863277.435871994)
69,69,POINT (916411.3252363066 6907326.370405793)
70,70,POINT (1310392.8217738974 6910030.24913854)
71,71,POINT (1105814.4256931418 6719773.793393234)
72,72,POINT (747728.2329203145 6701480.431948913)
73,73,POINT (935460.761778815 6777448.588421305)
74,74,POINT (958222.3693808063 6307056.012310809)
75,75,POINT (811178.450241137 7041456.107159997)
76,76,POINT (734538.0977757103 6720355.310529026)
77,77,POINT (1493923.7077718962 6866440.883815097)
78,78,POINT (1221915.5338939496 7007137.098950991)
79,79,POINT (1506394.2737280128 6928069.689097646)
80,80,POINT (809901.8383207197 7070903.0232459465)
81,81,POINT (1441136.5618351798 6404879.968958198)
82,82,POINT (1526686.0357877738 6618203.533137691)
83,83,POINT (924331.0390893033 6890367.539007156)
84,84,POINT (803103.1117400113 6658152.07908912)
85,85,POINT (772077.4790999996 6660411.84358514)
86,86,POINT (899349.8321603849 6231544.78729819)
87,87,POINT (1494817.0466855122 7190754.519435283)
88,88,POINT (1350761.833234661 6082948.303325439)
89,89,POINT (1044955.5034790051 6095206.088459782)
90,90,POINT (999385.088810926 6238264.022054098)
91,91,POINT (980356.0237352328 6536651.261968145)
92,92,POINT (761902.3210440404 6633788.902151275)
93,93,POINT (1108234.5114229873 6793356.844531916)
94,94,POINT (1490334.9900277029 7081801.43471904)
95,95,POINT (1003521.3871303315 6989265.042468032)
96,96,POINT (790182.1471241452 6598026.970468351)
97,97,POINT (817619.3959784358 7140861.2905864725)
98,98,POINT (826446.4750008885 6922909.167302938)
99,99,POINT (922750.8589174927 6455232.802140298)
100,100,POINT (1153501.1352006919 6828023.20623549)
101,101,POINT (1392329.5329722862 6782225.97779192)
102,102,POINT (1605257.1135015192 6841128.199257706)
103,103,POINT (1061660.5515454067 6967931.846831756)
104,104,POINT (796967.9606439215 6675712.768388839)
105,105,POINT (888283.895539098 6764738.947917236)
106,106,POINT (1401735.0280689008 6704069.916587628)
107,107,POINT (1512529.3135046118 6817048.960425594)
108,108,POINT (1072772.6857553732 6867026.283422147)
109,109,POINT (1528210.8901726601 6895460.7076150095)
110,110,POINT (691000.9336069701 6579081.962192123)
111,111,POINT (1135552.75974162 7220809.129242095)
112,112,POINT (1007209.0679018402 6845210.763000887)
113,113,POINT (898970.2326967799 6689575.169146843)
114,114,POINT (1362311.8983214078 7189349.5044156425)
115,115,POINT (1438592.9114705538 6596037.5530506)
116,116,POINT (274855.1698549848 8006943.521699804)
117,117,POINT (692105.5569141118 6568566.507267621)
118,118,POINT (1509348.2477357031 6906777.239101559)
119,119,POINT (931098.4848930989 6974793.036913159)
120,120,POINT (1025683.5392744011 6194845.848048371)
121,121,POINT (880769.273313098 7068741.851488027)
122,122,POINT (962711.7731250081 6267344.560454741)
123,123,POINT (1117558.2980133595 6246628.493499358)
124,124,POINT (1180777.082112823 6034916.080907668)
125,125,POINT (1555979.3145120607 6648118.4511414105)
126,126,POINT (740186.3374190701 6760051.547989771)
127,127,POINT (1139059.5463405896 6949908.815823901)
128,128,POINT (1531916.7160211683 6860508.342640282)
129,129,POINT (1145544.3519572609 6618039.62092875)
130,130,POINT (875241.036080813 6928826.048833098)
131,131,POINT (1263581.6400614362 6684889.4788070135)
132,132,POINT (959442.6536388821 6812978.792909456)
133,133,POINT (682085.4669088277 6775527.460544628)
134,134,POINT (1193330.4697700897 6360699.314908362)
135,135,POINT (989644.6333665143 6955406.0270059295)
136,136,POINT (1112519.6439015835 6603262.2491831295)
137,137,POINT (762512.0178951152 6704018.0973929595)
138,138,POINT (809484.835508208 6558828.060733061)
139,139,POINT (1317187.8748114095 6910943.476648545)
140,140,POINT (883492.2593773921 6711367.560865992)
141,141,POINT (899829.2852072314 6839715.897582878)
142,142,POINT (1218133.008916285 6946298.027898324)
143,143,POINT (946128.9538594974 6989304.472737414)
144,144,POINT (762727.3097903093 6658407.595242617)
145,145,POINT (1190973.836149996 6556367.3844726095)
146,146,POINT (869093.5285212453 6035745.972526726)
147,147,POINT (1480003.7620456514 7089980.019834394)
148,148,POINT (1231260.3598680818 6349612.988769212)
149,149,POINT (1596573.6366221898 7137478.869636691)
150,150,POINT (1457746.5430564443 7053449.076453248)
151,151,POINT (1480760.7345830456 6841856.070893548)
152,152,POINT (1407846.8020719239 6636654.7576243505)
153,153,POINT (1144423.364684973 6181093.080080986)
154,154,POINT (974725.4838909089 6890761.766645793)
155,155,POINT (699545.1498033172 6677752.076867128)
156,156,POINT (980424.1512635984 6797612.546228161)
157,157,POINT (1055797.576604307 7105284.657557966)
158,158,POINT (754497.4598359626 6595339.431005008)
159,159,POINT (1387419.341552886 6214046.7679438675)
160,160,POINT (841036.5640617087 6364202.800486988)
161,161,POINT (1526746.8162297471 6643789.372735643)
162,162,POINT (871325.0390336874 6043290.092186076)
163,163,POINT (1532183.7714795812 6200373.297031589)
164,164,POINT (1544561.3856608854 6700735.9331210265)
165,165,POINT (1286374.862398813 6780571.212062909)
166,166,POINT (1354220.6411330986 6735607.745918299)
167,167,POINT (1041872.3988619945 7023093.717042879)
168,168,POINT (1386545.0382721955 6294247.74105799)
169,169,POINT (1134096.8121215347 6169538.145224827)
170,170,POINT (1081195.8976652278 7158059.515147137)
171,171,POINT (917038.8332059084 6450849.111876087)
172,172,POINT (1131415.1255883246 6217334.170653683)
173,173,POINT (1100229.972118006 6194808.701154704)
174,174,POINT (1227842.8515007282 6618605.459018461)
175,175,POINT (1437785.9564817932 6854219.015064898)
176,176,POINT (797899.4821428797 6779774.707034098)
177,177,POINT (1441001.4199733569 6685549.453309992)
178,178,POINT (781607.5407068117 6281608.8307632515)
179,179,POINT (1488151.903493756 6932046.658259232)
180,180,POINT (1306840.7281421747 6940209.82369306)
181,181,POINT (1163644.3445627932 6391544.386694596)
182,182,POINT (1233613.2086254882 6337067.171512038)
183,183,POINT (1103376.8628032415 6866964.113459353)
184,184,POINT (715598.0882926519 6728236.025495461)
185,185,POINT (1230695.0794938335 6707873.451205833)
186,186,POINT (1498372.813860431 7110956.2458760785)
187,187,POINT (970294.6341988643 7013125.581471446)
188,188,POINT (1387468.767406798 6130876.524006632)
189,189,POINT (1560330.4594486973 6667422.221555681)
190,190,POINT (1039251.1588122853 6209338.9488955345)
191,191,POINT (1466435.5859103133 7217227.415341691)
192,192,POINT (1211903.3475725118 6169454.687074918)
193,193,POINT (766153.946355908 6683751.673953882)
194,194,POINT (1448427.2092457039 6609788.298169208)
195,195,POINT (1283489.2385584698 6916239.384443314)
196,196,POINT (1018161.1246840457 6225460.406114642)
197,197,POINT (733617.930864813 6679817.370916976)
198,198,POINT (762484.6333003801 6892042.408456363)
199,199,POINT (1133958.775952951 6926730.572752227)
200,200,POINT (1549328.197576144 7047538.160658618)
201,201,POINT (1543664.9298015272 6897711.099382949)
202,202,POINT (1449001.2838597246 6630373.120327286)
203,203,POINT (1127299.0874162435 7232426.486146949)
204,204,POINT (900024.2056356105 6370627.030679673)
205,205,POINT (926240.168356408 6781079.710347677)
206,206,POINT (1222589.907369175 6151573.416554876)
207,207,POINT (1304092.4725534704 7012473.896601986)
208,208,POINT (1243792.262863625 6175996.89673419)
209,209,POINT (812137.1336958486 6721296.245940916)
210,210,POINT (800697.7201829501 6439223.204736136)
211,211,POINT (1386360.8045149327 6823235.031333975)
212,212,POINT (744781.7173185074 6652318.069152898)
213,213,POINT (1275883.0003915469 6657666.65591184)
214,214,POINT (695934.9473974004 6368293.65275375)
215,215,POINT (1491331.8560677567 7117544.469830207)
216,216,POINT (1377957.1848354575 6683653.640847093)
217,217,POINT (1310687.9297439903 7047192.625793786)
218,218,POINT (1392178.47242328 6940565.292650177)
219,219,POINT (1498026.9442025365 7148474.299203462)
220,220,POINT (775689.5739372596 6893019.988346204)
221,221,POINT (1487951.9736882914 6641885.125417695)
222,222,POINT (1210199.2688074482 6365157.022661923)
223,223,POINT (1208738.4231297683 6668499.755715095)
224,224,POINT (1674172.7838618187 6661025.229606335)
225,225,POINT (1347120.3500518312 6088259.308835731)
226,226,POINT (718789.9520521674 6689502.037668662)
227,227,POINT (817264.2868028051 7084591.889936025)
228,228,POINT (1481640.1585603126 6877375.245519708)
229,229,POINT (1404029.434093641 6582736.873811978)
230,230,POINT (680682.7300053417 6623898.110411019)
231,231,POINT (1286396.90365799 6125891.39108247)
232,232,POINT (1505232.0982441308 6557401.133655868)
233,233,POINT (865603.1058874223 6625509.3489016695)
234,234,POINT (1511930.5259636347 6857260.362303766)
235,235,POINT (911289.5154649082 6996851.457680848)
236,236,POINT (1462884.0488760446 6979170.083027083)
237,237,POINT (1311471.507639684 6109873.381700609)
238,238,POINT (946974.648031054 6539590.146206465)
239,239,POINT (918738.2365523585 6873206.658951779)
240,240,POINT (934514.1008291087 6371105.180514619)
241,241,POINT (1300167.124669118 6854279.084445977)
242,242,POINT (1374253.362737784 6650215.328204258)
243,243,POINT (1225371.5588051174 6346566.33099299)
244,244,POINT (1562804.2011731055 6698754.089845255)
245,245,POINT (1167112.9485764208 6372787.159760697)
246,246,POINT (1429679.0032452825 6620850.275446899)
247,247,POINT (729971.7722633702 6584777.317272745)
248,248,POINT (1077717.3862169194 6545423.555995763)
249,249,POINT (1074233.08615509 6964522.005637595)
250,250,POINT (808166.1448202708 6692334.666703617)
251,251,POINT (817658.5804391949 6747404.126822248)
252,252,POINT (702522.5009040739 6616252.359201611)
253,253,POINT (1300916.5274811382 6775097.18019499)
254,254,POINT (891855.4700817092 6857668.450768503)
255,255,POINT (1314100.2060952764 6141635.552060927)
256,256,POINT (735934.489468221 6517654.026973668)
257,257,POINT (1526201.35072486 7142988.071349117)
258,258,POINT (1242991.65308584 6832754.311540263)
259,259,POINT (833257.0014476208 7031260.632503087)
260,260,POINT (938601.3072530746 6400264.140518573)
261,261,POINT (1534113.6061719733 6887982.2889978485)
262,262,POINT (1307081.5122007607 6256924.313875965)
263,263,POINT (897014.5718825235 6942131.604626013)
264,264,POINT (1016578.7181224193 6409436.967344614)
265,265,POINT (1266180.3935740052 6604672.962208185)
266,266,POINT (882158.0952802347 6184794.197610433)
267,267,POINT (1488380.665047336 6843287.652465395)
268,268,POINT (845934.9556150851 6670992.1308630435)
269,269,POINT (1119346.422993972 7054183.630947015)
270,270,POINT (1230681.4985159566 6071906.308604201)
271,271,POINT (761536.6365167846 6596443.157611978)
272,272,POINT (730534.1583308579 6925415.554048424)
273,273,POINT (874227.8060756129 6603558.245843947)
274,274,POINT (1342624.3784576724 6604965.478940471)
275,275,POINT (936653.3274836831 6444890.497196432)
276,276,POINT (1555863.5422416357 7182504.023169929)
277,277,POINT (994514.415810757 6903583.054537231)
278,278,POINT (1236816.872251028 6674201.824984684)
279,279,POINT (1301232.118237537 6146605.129771399)
280,280,POINT (927838.7162441994 7019365.887678664)
281,281,POINT (1123076.8504499453 6969747.096364709)
282,282,POINT (1382521.061319 6127066.78046448)
283,283,POINT (838353.9869725724 6382513.866479716)
284,284,POINT (717963.6274720089 6665301.3688494675)
285,285,POINT (841801.3289634584 6843306.557730438)
286,286,POINT (789617.0893888786 7059707.655178606)
287,287,POINT (815598.6132620655 7071547.729993617)
288,288,POINT (740675.3639421251 6569364.487318666)
289,289,POINT (929185.9047217795 6126772.459433729)
290,290,POINT (1493615.6867408713 6657711.430197078)
291,291,POINT (1383565.5721011136 6576053.508316963)
292,292,POINT (1502363.506285879 6700188.141131625)
293,293,POINT (859918.6874095546 6740681.140136086)
294,294,POINT (1244320.0285694762 6924039.9740603175)
295,295,POINT (1337982.355691593 6674497.190138571)
296,296,POINT (773803.0425267861 6606445.345972917)
297,297,POINT (1364344.2582648206 6310885.336606195)
298,298,POINT (1481584.498814916 6895102.291449876)
299,299,POINT (948599.9125966358 6807688.590939424)
300,300,POINT (741855.3505445338 6681515.029562592)
301,301,POINT (1055627.9257003379 7063957.651486923)
302,302,POINT (844318.1513308036 7014466.066124993)
303,303,POINT (1431149.0884406983 6600771.851505878)
304,304,POINT (1401875.2906273005 6150693.971450173)
305,305,POINT (1535367.2862772872 6876924.172594901)
306,306,POINT (889861.0700846569 6591194.416762726)
307,307,POINT (1526034.3714886701 6628744.106653729)
308,308,POINT (1375699.2916036975 6897327.511071109)
309,309,POINT (1455710.5095698354 6247984.557155447)
310,310,POINT (1359660.1567312214 6582835.468356445)
311,311,POINT (862291.9076337764 6851985.843912738)
312,312,POINT (1338312.5293012857 6759764.938625811)
313,313,POINT (1315400.863025705 6113949.7139085485)
314,314,POINT (1294693.322667831 6805316.266013371)
315,315,POINT (820543.4250431026 6663453.808120555)
316,316,POINT (755779.6377309195 6489757.131356673)
317,317,POINT (863861.5124539615 6348945.368048588)
318,318,POINT (964616.7835709534 6255066.065783589)
319,319,POINT (962713.2202783884 6835479.203583412)
320,320,POINT (1028999.7469051329 7046149.212837727)
321,321,POINT (863441.8379736709 6195330.62146748)
322,322,POINT (1314941.3361677104 6173867.5250343)
323,323,POINT (1228021.29664447 6950618.0520203)
324,324,POINT (1027183.1241348772 6308996.608182925)
325,325,POINT (1093435.6983169296 6797431.791543091)
326,326,POINT (928747.9738449989 6739347.798041205)
327,327,POINT (1308159.7527885842 6764644.615314116)
328,328,POINT (1091976.5224316115 6583861.978131927)
329,329,POINT (947438.6276686804 6738825.756088081)
330,330,POINT (975356.7767231978 6776523.30372428)
331,331,POINT (807807.6960599166 7159118.912010687)
332,332,POINT (876635.4240224898 6027536.355923515)
333,333,POINT (1040159.3032181767 7474294.8663943615)
334,334,POINT (976741.1459107029 6766547.861665579)
335,335,POINT (1107603.8865076436 6760896.321830966)
336,336,POINT (1068770.638741864 6030297.861735745)
337,337,POINT (1346041.998144517 7193486.282451761)
338,338,POINT (1125929.857679486 6133564.5962474)
339,339,POINT (1185708.424235474 6443505.383812664)
340,340,POINT (857742.2800450554 6670481.565355553)
341,341,POINT (1491229.5534557176 6597837.531800238)
342,342,POINT (935565.736058633 6428716.349145019)
343,343,POINT (1048068.6643585297 6082136.748360994)
344,344,POINT (1142858.7692418732 6588981.471654879)
345,345,POINT (878482.4370137318 6637714.247324797)
346,346,POINT (759873.523324333 6923666.509286502)
347,347,POINT (815342.3557942592 7033248.386714574)
348,348,POINT (858738.8121266367 6581293.303193226)
349,349,POINT (717558.7584839938 6364753.128525832)
350,350,POINT (908139.1738754583 6770882.8294762485)
351,351,POINT (1309030.0485676061 6755093.175365427)
352,352,POINT (808942.0416711 6711602.391002813)
353,353,POINT (856870.5371126531 6325438.56992905)
354,354,POINT (756202.0951984801 6673786.658258771)
355,355,POINT (927765.4680192573 6947618.688295032)
356,356,POINT (1341993.9761813104 6694451.841630188)
357,357,POINT (767558.9096492098 6765999.941666208)
358,358,POINT (1043045.3723364832 7199302.412554647)
359,359,POINT (1429743.3459109608 6870755.353373275)
360,360,POINT (939035.5645866591 6372599.531710874)
361,361,POINT (1510045.2190675596 6624037.720863647)
362,362,POINT (1494144.0090441762 6585484.406318063)
363,363,POINT (790023.2942107832 6742542.692750699)
364,364,POINT (1490011.3842679667 7188605.327761104)
365,365,POINT (1448970.7823192473 6867948.861852967)
366,366,POINT (705235.6908531784 6706353.504539252)
367,367,POINT (1266796.2129970735 7088988.89134272)
368,368,POINT (1490000.9202358322 6559414.069317887)
369,369,POINT (898979.806172988 6737509.583877387)
370,370,POINT (1016397.7126303895 6909464.804050098)
371,371,POINT (1322097.0643553927 6797088.3687596265)
372,372,POINT (987234.56639084 6068711.083775472)
373,373,POINT (1735960.6672266254 6880837.172765289)
374,374,POINT (1074328.2643197183 6528652.593127279)
375,375,POINT (1019218.9938050541 6444232.539612888)
376,376,POINT (1364878.1465426649 6745202.023628058)
377,377,POINT (805969.3659889564 6864829.477141101)
378,378,POINT (1311985.9150066397 6791266.8581148945)
379,379,POINT (826390.5926165101 7026361.4865901815)
380,380,POINT (1186317.2305306226 6204042.927296282)
381,381,POINT (837991.9759885127 6104875.32718082)
382,382,POINT (850530.2241950316 6742342.335471968)
383,383,POINT (711628.6578899453 6583977.666590278)
384,384,POINT (687773.0023324377 6687122.946447121)
385,385,POINT (1438007.2596294903 6832125.648806946)
386,386,POINT (824638.8691093872 7030723.763454136)
387,387,POINT (1170491.0498440336 6850657.518794469)
388,388,POINT (850888.561635895 6343722.811228492)
389,389,POINT (1186164.9454672174 7113561.99495648)
390,390,POINT (1140546.106820643 6913657.009489837)
391,391,POINT (1261171.9070442342 6566095.719826671)
392,392,POINT (1494018.8859365245 6893163.206011088)
393,393,POINT (1024428.8572936702 6811264.859971692)
394,394,POINT (779041.2924855544 6615298.157179357)
395,395,POINT (936063.3341824787 6783381.429338719)
396,396,POINT (1521581.9258154114 6675631.03569141)
397,397,POINT (962273.8422482276 6330610.488699856)
398,398,POINT (1115260.1071259326 6303960.705681825)
399,399,POINT (1434073.3401443467 6238864.312261068)
400,400,POINT (793137.7909241974 6810789.405276363)
401,401,POINT (682552.0068947424 6728692.507370236)
402,402,POINT (1614813.8917861215 6693804.174768626)
403,403,POINT (1605598.5303797822 6835677.337486001)
404,404,POINT (1173890.1904954063 6223994.259273692)
405,405,POINT (1199587.4043891071 6890142.457591377)
406,406,POINT (970066.2066037565 6584438.3235186655)
407,407,POINT (1039238.5797098258 6976307.847161184)
408,408,POINT (833588.5108912033 6609191.627443375)
409,409,POINT (1074924.1575539345 6565717.610590331)
410,410,POINT (1430028.8804048456 6263760.305620913)
411,411,POINT (1104634.439090733 6411711.138972005)
412,412,POINT (1667353.6858142954 6647248.548510969)
413,413,POINT (1092580.0967106926 6209944.606232817)
414,414,POINT (1042852.1217004661 6876152.241206993)
415,415,POINT (1597815.0715835164 6713564.461847136)
416,416,POINT (844758.4199168911 6798911.929687083)
417,417,POINT (1641076.4973735616 6679344.91155918)
418,418,POINT (1067619.5952070616 6021525.093097464)
419,419,POINT (1556160.653962563 6882295.608580029)
420,420,POINT (1491781.2528520892 6609399.344483776)
421,421,POINT (1290226.4054607695 6919979.248638553)
422,422,POINT (1696467.2948804416 6661927.351424231)
423,423,POINT (1196684.5260276909 6660228.4232576825)
424,424,POINT (1036523.942607341 6542297.057866151)
425,425,POINT (1002458.731271219 6019682.014518061)
426,426,POINT (957336.4888730734 6693873.240128078)
427,427,POINT (1119923.0579562811 6175052.549186693)
428,428,POINT (952163.1381774375 6404135.902779186)
429,429,POINT (830186.2532940885 7111961.970883027)
430,430,POINT (721140.9083782306 6641253.311759113)
431,431,POINT (1490132.945151913 6577002.639530294)
432,432,POINT (1332054.592806851 6705687.019639516)
433,433,POINT (1395937.620307878 6387914.740158351)
434,434,POINT (1073359.673430326 6269525.144717481)
435,435,POINT (1517652.2364709182 6733527.912335939)
436,436,POINT (1382701.3988940853 6093362.64341872)
437,437,POINT (1009834.7607311814 6192275.1949117575)
438,438,POINT (1049174.7348190518 6512212.327745464)
439,439,POINT (1204015.916371845 6146303.785054705)
440,440,POINT (1373931.6494093912 6746566.323280343)
441,441,POINT (1252846.7676057685 6895504.801774712)
442,442,POINT (1337655.1877081515 7193097.274996375)
443,443,POINT (971119.0663476794 6064319.915033892)
444,444,POINT (915621.2908101468 6261930.204468201)
445,445,POINT (944245.7620337475 6912357.149466114)
446,446,POINT (1339150.4311084868 6585011.363185246)
447,447,POINT (825580.6320014984 7104615.977433049)
448,448,POINT (881939.0185223537 6509558.6949413065)
449,449,POINT (2105049.3445109874 6934751.161360735)
450,450,POINT (810892.0251913258 6613567.689445226)
451,451,POINT (1361299.892830606 6697427.950732993)
452,452,POINT (1217367.687417081 6173828.122078762)
453,453,POINT (828178.0496801778 6053770.81762294)
454,454,POINT (965541.8485394455 6345116.133681463)
455,455,POINT (944354.0758982894 6836829.915803967)
456,456,POINT (1242912.7275668676 6338075.926075893)
457,457,POINT (815566.4419292262 6699268.033410805)
458,458,POINT (1086921.949632652 7005958.12165234)
459,459,POINT (966764.1365483557 6062750.208311222)
460,460,POINT (1206351.6219276695 7131091.119779128)
461,461,POINT (896765.550181619 6292984.052253697)
462,462,POINT (1137751.987601732 6586044.837349793)
463,463,POINT (942976.2745607411 6365394.566091782)
464,464,POINT (926489.8579742573 6278224.593470962)
465,465,POINT (3151356.823205677 8499068.178897139)
466,466,POINT (751039.2085349788 6692128.938846055)
467,467,POINT (1525069.3428229832 6699280.534178894)
468,468,POINT (767992.4990658497 6653443.87179347)
469,469,POINT (787717.5335979821 6636910.667316162)
470,470,POINT (850625.6249986414 6791107.91838134)
471,471,POINT (962007.8999847223 6517924.083456196)
472,472,POINT (1493352.6387841268 6859847.457514937)
473,473,POINT (1108871.0362713432 6825946.736438768)
474,474,POINT (832335.8326613065 6713742.643927458)
475,475,POINT (922245.8023877636 6357917.149172286)
476,476,POINT (773802.1519708598 6468482.1432261355)
477,477,POINT (722240.856266759 6581572.31509809)
478,478,POINT (1361895.2294673687 6738672.8646180695)
479,479,POINT (1608838.4841593204 6649142.683834903)
480,480,POINT (1378723.7308490602 6630927.412884921)
481,481,POINT (910626.9418557066 6278246.660561214)
482,482,POINT (1239893.5203375726 6351265.150335973)
483,483,POINT (788197.6545617734 6574340.423003753)
484,484,POINT (1160609.552604787 6603750.28754264)
485,485,POINT (1033643.2168245926 7323838.710394305)
486,486,POINT (936047.9720927493 6910558.705946926)
487,487,POINT (757014.0595643262 6556546.7455865415)
488,488,POINT (1316940.7455418485 7090552.220034612)
489,489,POINT (1381221.0723055163 6872398.231224067)
490,490,POINT (666312.8308973104 6584864.841564106)
491,491,POINT (1350972.5610307325 6369504.875886611)
492,492,POINT (883431.478935419 6310484.212630384)
493,493,POINT (786678.7001098994 6610197.054994622)
494,494,POINT (1587093.1121887804 7144758.623793421)
495,495,POINT (1090403.24406823 6295160.721362044)
496,496,POINT (963348.4092928548 6546144.10458894)
497,497,POINT (833759.6089485524 6718616.611888736)
498,498,POINT (956428.0105087096 6118702.165027337)
499,499,POINT (1555255.7378219042 6712401.007186838)
500,500,POINT (1215634.5542649205 6183519.522473497)
501,501,POINT (1434380.5819389364 7154219.495615357)
502,502,POINT (1064164.46085182 6101318.0183527805)
503,503,POINT (738884.1220157704 6715268.442812448)
504,504,POINT (1431681.0842871994 6138770.443000753)
505,505,POINT (1131935.5442077834 6208518.677810648)
506,506,POINT (924731.0100197236 6286747.286799417)
507,507,POINT (1263946.322713275 7113154.907623543)
508,508,POINT (748901.874311748 6708609.841522532)
509,509,POINT (1349034.1547375494 6063332.835249396)
510,510,POINT (1391577.569811978 6649055.714030546)
511,511,POINT (855369.393779306 6707742.9495436)
512,512,POINT (1152501.8201318406 6739365.564926328)
513,513,POINT (801607.6457006944 6827304.744619609)
514,514,POINT (811044.0876157493 6887135.63781772)
515,515,POINT (921903.4949535743 6282924.996815746)
516,516,POINT (801533.7295588077 6668997.565031697)
517,517,POINT (1113272.274978837 6154378.747110238)
518,518,POINT (976379.2462461339 6415394.444804665)
519,519,POINT (1494920.4624924595 6914037.344075705)
520,520,POINT (1341341.1986872985 6090927.915267999)
521,521,POINT (755469.7242685511 6666435.896156157)
522,522,POINT (1197150.9546941146 6031010.226030181)
523,523,POINT (1372351.1352791083 6394050.331010253)
524,524,POINT (779267.0484128832 6744767.959979753)
525,525,POINT (1578045.0639771034 7151621.849673391)
526,526,POINT (1224692.5099112785 6376086.701106101)
527,527,POINT (710902.966129464 6885968.896764138)
528,528,POINT (1372235.3630086833 6732728.117910775)
529,529,POINT (1471016.2716369657 6921003.185144264)
530,530,POINT (1009694.943450745 6268320.251957903)
531,531,POINT (857928.18359468 6030616.109826304)
532,532,POINT (1522008.168145659 6919466.136571011)
533,533,POINT (1122082.3221191983 6869953.919930933)
534,534,POINT (1096707.378151344 7053969.752128751)
535,535,POINT (775601.631539533 6688760.59282214)
536,536,POINT (1516332.989185527 6648344.371202152)
537,537,POINT (1316668.569386859 6695522.237631437)
538,538,POINT (1361122.3382427907 6048509.6134312805)
539,539,POINT (753931.1775862973 6631132.847118236)
540,540,POINT (821142.7691815336 6403014.586840528)
541,541,POINT (1381856.5952784552 6693108.021447699)
542,542,POINT (614460.6573637667 8239589.958372019)
543,543,POINT (1414940.5253032346 6270665.423715497)
544,544,POINT (984455.0300252228 6824136.837054974)
545,545,POINT (1087307.7829877415 6406054.963360299)
546,546,POINT (846058.7428888474 6013412.885790367)
547,547,POINT (1407244.4523072415 6136838.810391489)
548,548,POINT (768279.8146715871 7040341.717449035)
549,549,POINT (854220.242675847 6034531.68495836)
550,550,POINT (871856.812241207 7010521.945837419)
551,551,POINT (1031157.6752341605 6924088.999488562)
552,552,POINT (915376.3879304016 6379272.608898716)
553,553,POINT (1264674.5748220447 7061584.28523875)
554,554,POINT (1248883.3484555648 6949898.315915882)
555,555,POINT (739562.1690341923 6704731.086943932)
556,556,POINT (1272761.9358281759 6112300.503682549)
557,557,POINT (929749.1813451934 6713526.714938739)
558,558,POINT (1410674.5397770545 6792265.5406040205)
559,559,POINT (1191392.842713342 6660228.4232576825)
560,560,POINT (1102709.5024559358 6418467.121969933)
561,561,POINT (1377718.96112516 6114446.903283772)
562,562,POINT (1522149.8778574388 7165388.9449608615)
563,563,POINT (1500967.5598713313 6608671.121501834)
564,564,POINT (896895.1260689024 6516386.835615224)
565,565,POINT (1356450.259214197 6116242.919478876)
566,566,POINT (1264285.4018822315 7105684.765644988)
567,567,POINT (1192275.1609973693 7019476.450319804)
568,568,POINT (800647.18113413 7022344.739945416)
569,569,POINT (1120519.730426933 7081023.683903321)
570,570,POINT (1003177.8551817433 6413573.979300836)
571,571,POINT (1481461.156819117 7179735.298360051)
572,572,POINT (952312.083656119 6342626.65610821)
573,573,POINT (930508.4915918944 6388168.236187231)
574,574,POINT (1268311.7165447331 7051064.108739173)
575,575,POINT (878393.938018551 6361420.1582605)
576,576,POINT (1288389.5225431898 6775842.569308764)
577,577,POINT (941649.9028279393 6282531.823794323)
578,578,POINT (1582225.8900928262 6700962.597953041)
579,579,POINT (1494218.1478250448 7221189.025784708)
580,580,POINT (1400222.6414669834 6691632.215769051)
581,581,POINT (873176.6161240519 6910376.500814962)
582,582,POINT (679058.5786346678 6793212.4971026825)
583,583,POINT (1509526.3589209723 7169084.80934217)
584,584,POINT (1472160.3020438482 6893469.769896168)
585,585,POINT (936349.7592322899 6264978.954727864)
586,586,POINT (1416864.0147846516 6136789.227153241)
587,587,POINT (1228011.5005292802 6648446.773785105)
588,588,POINT (1433257.5909158136 6890009.349857273)
589,589,POINT (1290827.4193915625 6138338.797401331)
590,590,POINT (1304032.2487089513 6590264.442095488)
591,591,POINT (1232914.1222233067 6598686.159328953)
592,592,POINT (709589.8414160666 6750795.383092231)
593,593,POINT (1349114.3047709204 6072983.357227715)
594,594,POINT (760719.2174958895 6795288.710084947)
595,595,POINT (1519651.6458450563 6835839.879928174)
596,596,POINT (804505.9599629882 6707909.026678905)
597,597,POINT (895510.2002839431 6801769.9332834305)
598,598,POINT (771268.0750824417 6586734.4206660185)
599,599,POINT (1140194.4485492269 7091917.268047729)
600,600,POINT (1391611.5222566698 6391306.788561977)
601,601,POINT (1036573.4797807438 6824532.916261717)
602,602,POINT (1285032.349339846 6816259.003998133)
603,603,POINT (943500.255403905 6414845.088904699)
604,604,POINT (1468149.5721100573 7092583.564359161)
605,605,POINT (1098219.9873922428 6894344.163107844)
606,606,POINT (1107717.9889857066 7079338.475463568)
607,607,POINT (1369905.5573858707 7138357.820255969)
608,608,POINT (758363.3631122315 6718953.688477329)
609,609,POINT (1088533.633220357 6167039.614344131)
610,610,POINT (943875.8473658415 6398139.094451443)
611,611,POINT (1289714.2244836295 6603076.749255754)
612,612,POINT (821431.0866626882 6858210.77968816)
613,613,POINT (637008.0862654719 6772214.151799204)
614,614,POINT (757926.5454303586 7207322.22114858)
615,615,POINT (1287850.7362077504 6234483.998079453)
616,616,POINT (724733.6336240927 6684777.170790777)
617,617,POINT (1329124.5524896814 6788128.736772903)
618,618,POINT (681661.3396489053 6764564.505472038)
619,619,POINT (1391020.9723580114 6617426.084323289)
620,620,POINT (1197648.9980959236 6953200.018309483)
621,621,POINT (1520510.3643970354 7198214.601712621)
622,622,POINT (968595.2308524143 7143284.016666414)
623,623,POINT (954301.9195540487 6321888.760978968)
624,624,POINT (773839.7779587478 6706226.959370178)
625,625,POINT (1034640.750781591 6880606.879144874)
626,626,POINT (865576.2778901412 6788709.029661361)
627,627,POINT (1354823.6588147257 7008769.031826947)
628,628,POINT (756494.9767787572 6690975.852581687)
629,629,POINT (1051698.7929532984 7082658.678258131)
630,630,POINT (1315967.924511806 6721047.70666823)
631,631,POINT (992008.0574755464 6409821.125753979)
632,632,POINT (1191737.0425788746 6976332.058367043)
633,633,POINT (1029255.0024975217 6943330.283060162)
634,634,POINT (639813.5600724439 6576940.357688122)
635,635,POINT (1069084.3370669193 7046543.553138836)
636,636,POINT (767166.0631662003 6638977.554972913)
637,637,POINT (747421.3250841975 6660150.755230354)
638,638,POINT (980497.5108080312 6923324.457251651)
639,639,POINT (1022536.3146306938 6189419.077024018)
640,640,POINT (1080729.357679313 6838397.221404291)
641,641,POINT (1335958.9013074436 7152575.12762977)
642,642,POINT (788621.8931411867 6914845.569067845)
643,643,POINT (757345.4576884178 6798756.817025971)
644,644,POINT (1234984.1081546075 6952953.633334661)
645,645,POINT (923564.8270341732 6694294.783495122)
646,646,POINT (781423.8635470029 6822588.252173902)
647,647,POINT (1459676.8230267996 6866593.656065247)
648,648,POINT (1043609.0942378605 6227079.1630553035)
649,649,POINT (950093.1522461366 6398363.628090719)
650,650,POINT (810481.4789092803 6901916.032439986)
651,651,POINT (1001238.1130546707 6081469.247041288)
652,652,POINT (1075811.0399370848 7107183.566159621)
653,653,POINT (806420.6552046324 6299938.131122295)
654,654,POINT (1346250.2769117912 6325850.308155921)
655,655,POINT (1352968.1855421835 6666772.780940446)
656,656,POINT (877280.9657495999 6880025.786876196)
657,657,POINT (879934.4884516392 7078187.122234772)
658,658,POINT (1546127.539576856 6705964.223554806)
